"BUDGET FISCAL YEAR","FTYP","FUNDTYPE","APPR","APPROPRIATION","Service Number","SERVICE","OBJECTGROUP","EXPENDITURE CLASSIFICATION","CURRENT BUDGET","ENCUMBRANCE","EXPENSES","ENCUMB&EXPENSE"
"2 016",,"NONE","0061SDM","Storm Drainage Mgmt Operations",,"NONE","QV","Contractual & Other Services","0","(18 860,98)","18 860,98","0"
"2 016","EFOP","Enterprise Operating Fund","0100DWU","Water Utilities DWU",,"NONE","QM","Supplies & Materials","0","(14 466,81)","14 466,81","0"
"2 016","EFOP","Enterprise Operating Fund","0100DWU","Water Utilities DWU",,"NONE","QV","Contractual & Other Services","0","(247,79)","247,79","0"
"2 016","GNFD","General Fund","0001CCS","Code Compliance GF","3.17","Neighborhood Code Compliance Services","QV","Contractual & Other Services","4 510 251","(30,8)","4 368 138,22","4 368 107,42"
"2 016","EFOP","Enterprise Operating Fund","0100DWU","Water Utilities DWU","5.54","Water Planning, Financial and Rate Services","QM","Supplies & Materials","233 150","0","96 232,42","96 232,42"
"2 016","EFOP","Enterprise Operating Fund","0061SDM","Storm Drainage Mgmt Operations","2.19","Flood Control","TR","Transfers Out","242 437","0","0","0"
"2 016","GNFD","General Fund","0001STS","Street Services GF","2.4700000000000002","Traffic Operations Maintenance","RC","Capital Outlay","0","0","46 500","46 500"
"2 016","EFOP","Enterprise Operating Fund","0061SDM","Storm Drainage Mgmt Operations","2.2000000000000002","Floodplain and Drainage Management","RC","Capital Outlay","20 000","0","0","0"
"2 016","EFOP","Enterprise Operating Fund","0061SDM","Storm Drainage Mgmt Operations","2.2000000000000002","Floodplain and Drainage Management","RE","Reimbursements","(26 000)","0","0","0"
"2 016","GNFD","General Fund","0001DFD","Dallas Fire Rescue GF","1.33","Special Operations","PS","Personnel Services","6 087 462","0","5 993 018,8","5 993 018,8"
"2 016","INSV","Internal Service Fund","0199POM","Express Business Center POM","5.G","Disposal of Surplus and Police Unclaimed Property","QM","Supplies & Materials","7 862","0","6 647,29","6 647,29"
"2 016","GNFD","General Fund","0001DPD","Police Department GF","1.29","Police Operational Support","PS","Personnel Services","30 159 858","0","32 323 663,49","32 323 663,49"
"2 016","GNFD","General Fund","0001CTJ","Judiciary GF","1.18","Municipal Judges/Cases Docketed","PS","Personnel Services","1 829 318","0","1 930 276,88","1 930 276,88"
"2 016","EFOP","Enterprise Operating Fund","0100DWU","Water Utilities DWU","2.52","Water Capital Funding","WN","Interest On Notes-Debt Service","25 000","0","0","0"
"2 016","INSV","Internal Service Fund","0196EBS","Equipment Services EBS","5.D","City Fleet Asset Management","RC","Capital Outlay","0","0","2 376 461,56","2 376 461,56"
"2 017","GNFD","General Fund","0001STS","Street Services GF","2.57","Street Forestry Division","RC","Capital Outlay","180 636","0","0","0"
"2 016","INSV","Internal Service Fund","0196EBS","Equipment Services EBS","5.I","Fuel Procurement and Management","RE","Reimbursements","(387 231)","0","(385 874,18)","(385 874,18)"
"2 016","GNFD","General Fund","0001HOU","Housing GF","3.08","Community/Senior Services","PS","Personnel Services","1 750 037","0","1 650 238,27","1 650 238,27"
"2 016","EFOP","Enterprise Operating Fund","0100DWU","Water Utilities DWU","3.24","Wastewater Collection","RE","Reimbursements","(1 261 642)","0","0","0"
"2 016","GNFD","General Fund","0001DPD","Police Department GF","1.27","Police Investigations of Narcotics Related Crimes","RE","Reimbursements","(276 000)","0","(510 601,35)","(510 601,35)"
"2 016","GNFD","General Fund","0001CCO","City Controller's Office GF","5.32","Financial Reporting","RE","Reimbursements","(303 260)","0","(149 712,89)","(149 712,89)"
"2 016","GNFD","General Fund","0001DPD","Police Department GF","1.25","Police Intelligence","QM","Supplies & Materials","60 735","0","91 854,91","91 854,91"
"2 016","GNFD","General Fund","0001ECO","Economic Development GF","2.4","Small Business Initiatives","QM","Supplies & Materials","5 911","0","62 385,43","62 385,43"
"2 017","GNFD","General Fund","0001DFD","Dallas Fire Rescue GF","1.08","EMS Administration, Contracts, and Community Health","RE","Reimbursements","0","0","(16 273,7)","(16 273,7)"
"2 016","EFOP","Enterprise Operating Fund","0100DWU","Water Utilities DWU","5.26","DWU General Expense","PS","Personnel Services","799 285","0","799 285","799 285"
"2 016","EFOP","Enterprise Operating Fund","0061SDM","Storm Drainage Mgmt Operations","2.19","Flood Control","PS","Personnel Services","8 872 619","0","6 404 435,3","6 404 435,3"
"2 016","GNFD","General Fund","0001PBW","Public Works GF","2.0499999999999998","Capital and Implementation Program","PS","Personnel Services","5 433 897","0","4 756 412,24","4 756 412,24"
"2 016","GNFD","General Fund","0001ECO","Economic Development GF","2.14","Economic Development Research and Information Services","QV","Contractual & Other Services","148 040","0","167 355,42","167 355,42"
"2 016","EFOP","Enterprise Operating Fund","0150DEV","Sustainable Dev and Construction - Enterprise","2.08","Construction Plan Review and Permitting","PS","Personnel Services","6 935 604","0","6 652 571,56","6 652 571,56"
"2 016","OTHO","Other Operating Fund","0195ORM","Office of Risk Management","5.P","Risk Management Services","PS","Personnel Services","2 278 539","0","2 040 789,56","2 040 789,56"
"2 016","EFOP","Enterprise Operating Fund","0100DWU","Water Utilities DWU","9.99","Department Support","RE","Reimbursements","(3 625 571)","0","(3 535 767,47)","(3 535 767,47)"
"2 016","GNFD","General Fund","0001DFD","Dallas Fire Rescue GF","1.0900000000000001","Fire and Rescue Emergency Response","QM","Supplies & Materials","4 372 150","0","6 738 706,99","6 738 706,99"
"2 016","GNFD","General Fund","0001DPD","Police Department GF","1.24","Police Field Patrol","PS","Personnel Services","240 619 777","0","236 879 984,34","236 879 984,34"
"2 017","INSV","Internal Service Fund","0198DSV","Information Technology DSV","5.L","Internal Desktop Support","PS","Personnel Services","365 094","0","36 413,08","36 413,08"
"2 016","GNFD","General Fund","0001ECO","Economic Development GF","2.11","Dallas Film Commission","QV","Contractual & Other Services","152 531","0","108 321,21","108 321,21"
"2 017","EFOP","Enterprise Operating Fund","0100DWU","Water Utilities DWU","5.53","Vital Statistics","RE","Reimbursements","(972 659)","0","(127 848,33)","(127 848,33)"
"2 016","EFOP","Enterprise Operating Fund","0440SAN","Sanitation Operating Fund","3.05","City Facility Services","QV","Contractual & Other Services","623 135","0","657 900,32","657 900,32"
"2 016","EFOP","Enterprise Operating Fund","0150DEV","Sustainable Dev and Construction - Enterprise","2.08","Construction Plan Review and Permitting","RC","Capital Outlay","175 000","0","0","0"
"2 016","GNFD","General Fund","0001DPD","Police Department GF","9.99","Department Support","QV","Contractual & Other Services","159 568","0","630 349,09","630 349,09"
"2 016","GNFD","General Fund","0001PBW","Public Works GF","3.23","Underground Storage Tank Replacement and Inspection","QM","Supplies & Materials","0","0","7 651,51","7 651,51"
"2 016","EFOP","Enterprise Operating Fund","0150DEV","Sustainable Dev and Construction - Enterprise","2.34","Private Development Survey","QM","Supplies & Materials","6 535","0","0","0"
"2 016","EFOP","Enterprise Operating Fund","0100DWU","Water Utilities DWU","2.54","Water Utilities Capital Program Management","QM","Supplies & Materials","312 641","0","180 714,67","180 714,67"
"2 016","EFOP","Enterprise Operating Fund","0440SAN","Sanitation Operating Fund","3.16","Landfill Services","QM","Supplies & Materials","2 383 484","0","2 097 077,95","2 097 077,95"
"2 016","GNFD","General Fund","0001STS","Street Services GF","2.48","Traffic Safety and Congestion Management","QM","Supplies & Materials","235 945","0","243 498,89","243 498,89"
"2 017","GNFD","General Fund","0001STS","Street Services GF","5.43","Land Surveying Services","PS","Personnel Services","756 717","0","283 498,28","283 498,28"
"2 016","GNFD","General Fund","0001EAD","Mgmt Services - Ethics and Diversity","5.3","Ethics and Diversity","QV","Contractual & Other Services","40 094","0","54 748,76","54 748,76"
"2 016","GNFD","General Fund","0001DFD","Dallas Fire Rescue GF","1.33","Special Operations","RC","Capital Outlay","0","0","44 929,77","44 929,77"
"2 016","EFOP","Enterprise Operating Fund","0100DWU","Water Utilities DWU","3.25","Wastewater Treatment","PS","Personnel Services","17 658 126","0","18 538 857,57","18 538 857,57"
"2 016","INSV","Internal Service Fund","0196EBS","Equipment Services EBS","5.H","Environmental Services for City Fleet Operations","RE","Reimbursements","(1 243 962)","0","(438 358,82)","(438 358,82)"
"2 016","GNFD","General Fund","0001DPD","Police Department GF","1.23","Police Criminal Investigations","PS","Personnel Services","52 680 999","0","57 060 675,25","57 060 675,25"
"2 016","GNFD","General Fund","0001STS","Street Services GF","2.38","Rights-of-Way Maintenance Contracts and Inspections Group","QM","Supplies & Materials","69 416","0","56 740,97","56 740,97"
"2 016","GNFD","General Fund","0001CVS","Civil Service GF","5.04","Analysis/Development and Validation","PS","Personnel Services","495 159","0","410 030,9","410 030,9"
"2 016","GNFD","General Fund","0001ATT","City Attorney's Office GF","5.45","Litigation","QM","Supplies & Materials","105 010","0","242 601","242 601"
"2 016","GNFD","General Fund","0001STS","Street Services GF","9.99","Department Support","QV","Contractual & Other Services","0","0","269 785,03","269 785,03"
"2 016","GNFD","General Fund","0001CPE","Mgmt Services - Strategic Initiatives","5.13","Center for Performance Excellence","RE","Reimbursements","(306 774)","0","(323 979,58)","(323 979,58)"
"2 016","GNFD","General Fund","0001ECO","Economic Development GF","2.13","Economic Development Major Projects & Other Programs","QV","Contractual & Other Services","311 320","0","269 331,44","269 331,44"
"2 016","GNFD","General Fund","0001ATT","City Attorney's Office GF","1.28","Police Legal Liaison","QM","Supplies & Materials","3 639","0","0","0"
"2 016","GNFD","General Fund","0001PBW","Public Works GF","1.01","Adjudication Office","QV","Contractual & Other Services","66 043","0","90 727,95","90 727,95"
"2 016","GNFD","General Fund","0001ATT","City Attorney's Office GF","3.13","Environ Enforcement, Compliance, and Support (Legal Service)","QM","Supplies & Materials","2 398","0","0","0"
"2 016","INSV","Internal Service Fund","0196EBS","Equipment Services EBS","9.99","Department Support","RE","Reimbursements","(1 673 325)","0","(1 928 589,04)","(1 928 589,04)"
"2 016","GNFD","General Fund","0001CPE","Mgmt Services - Strategic Initiatives","5.13","Center for Performance Excellence","QV","Contractual & Other Services","309 220","0","296 440,96","296 440,96"
"2 017","GNFD","General Fund","0001STS","Street Services GF","2.2599999999999998","Interagency and Transportation Administration","PS","Personnel Services","1 304 535","0","397 900,3","397 900,3"
"2 016","GNFD","General Fund","0001BAC","Mgmt Services - Boards and Commissions","5.09","Boards and Commissions Liaison","QM","Supplies & Materials","1 500","0","0","0"
"2 017","GNFD","General Fund","0001ECO","Economic Development GF","2.14","Economic Development Research and Information Services","QM","Supplies & Materials","17 415","0","322,43","322,43"
"2 016","GNFD","General Fund","0001ECO","Economic Development GF","2.04","Business Development","RE","Reimbursements","(930 673)","0","(610 850)","(610 850)"
"2 016","GNFD","General Fund","0001BMS","Office of Financial Services GF","5.52","Utility Management","QM","Supplies & Materials","409","0","0","0"
"2 016","GNFD","General Fund","0001HOU","Housing GF","3.08","Community/Senior Services","QM","Supplies & Materials","227 469","0","62 249,54","62 249,54"
"2 016","GNFD","General Fund","0001DFD","Dallas Fire Rescue GF","1.0900000000000001","Fire and Rescue Emergency Response","RE","Reimbursements","(264 000)","0","(788 524,78)","(788 524,78)"
"2 016","EFOP","Enterprise Operating Fund","0080CCT","Convention Center CCT","2.1","Dallas Convention Center","PS","Personnel Services","7 492 397","0","6 897 672,4","6 897 672,4"
"2 016","EFOP","Enterprise Operating Fund","0100DWU","Water Utilities DWU","2.5299999999999998","Water Production and Delivery","RE","Reimbursements","(1 261 642)","0","(2 299 068,41)","(2 299 068,41)"
"2 016","GNFD","General Fund","0001CCO","City Controller's Office GF","9.99","Department Support","RE","Reimbursements","(172 258)","0","0","0"
"2 016","GNFD","General Fund","0001ECO","Economic Development GF","2.11","Dallas Film Commission","QM","Supplies & Materials","1 000","0","1 414,79","1 414,79"
"2 016","GNFD","General Fund","0001CCS","Code Compliance GF","3.17","Neighborhood Code Compliance Services","RC","Capital Outlay","104 751","0","0","0"
"2 016","GNFD","General Fund","0001PIO","Mgmt Services - Public Information Office","5.48","Public Information Office / Communications & Broadcasting","RE","Reimbursements","(322 573)","0","(219 920,04)","(219 920,04)"
"2 016","GNFD","General Fund","0001CCS","Code Compliance GF","3.18","Neighborhood Nuisance Abatement","RC","Capital Outlay","12 278","0","5 125","5 125"
"2 016","GNFD","General Fund","0001CCS","Code Compliance GF","9.99","Department Support","PS","Personnel Services","871 196","0","0","0"
"2 016","GNFD","General Fund","0001PBW","Public Works GF","3.01","Air Quality Compliance","QM","Supplies & Materials","10 893","0","7 043,11","7 043,11"
"2 016","GNFD","General Fund","0001SEC","City Secretary's Office GF","5.16","City Council Support","PS","Personnel Services","533 474","0","539 308,38","539 308,38"
"2 016","GNFD","General Fund","0001CTJ","Judiciary GF","1.03","Civil Adjudication Court","QM","Supplies & Materials","575","0","0","0"
"2 016","GNFD","General Fund","0001CTJ","Judiciary GF","1.04","Community Court","PS","Personnel Services","80 211","0","0","0"
"2 016","GNFD","General Fund","0001PBW","Public Works GF","3.02","Ambient Air Monitoring","QM","Supplies & Materials","23 920","0","25 149,96","25 149,96"
"2 016","GNFD","General Fund","0001HOU","Housing GF","3.09","Comprehensive Homeless Outreach","RE","Reimbursements","(163 366)","0","(486 195,58)","(486 195,58)"
"2 016","EFOP","Enterprise Operating Fund","0440SAN","Sanitation Operating Fund","3.03","Animal Remains Collection","QV","Contractual & Other Services","85 181","0","88 782,42","88 782,42"
"2 016","GNFD","General Fund","0001POM","Business Development & Procurement GF","2.5099999999999998","Vendor Development","QV","Contractual & Other Services","19 603","0","9 233,98","9 233,98"
"2 016","GNFD","General Fund","0001DPD","Police Department GF","9.99","Department Support","RE","Reimbursements","(7 941 426)","0","(10 369 049,26)","(10 369 049,26)"
"2 016","GNFD","General Fund","0001OCA","Office of Cultural Affairs GF","4.1100000000000003","Public Art for Dallas","QM","Supplies & Materials","3 398","0","4 429,32","4 429,32"
"2 016","GNFD","General Fund","0001IGS","Mgmt Services - Intergovernmental Services","5.41","Intergovernmental Services","RE","Reimbursements","(332 215)","0","(299 056,14)","(299 056,14)"
"2 016","EFOP","Enterprise Operating Fund","0440SAN","Sanitation Operating Fund","3.19","Recycling Collection and Waste Diversion","QM","Supplies & Materials","497 930","0","321 059,48","321 059,48"
"2 016","OTHO","Other Operating Fund","0278PER","Employee Benefits Administration","5.J","HR Benefits Administration Services","QM","Supplies & Materials","15 685","0","15 117,78","15 117,78"
"2 017","GNFD","General Fund","0001STS","Street Services GF","2.31","Pavement Management","PS","Personnel Services","238 071","0","70 433,76","70 433,76"
"2 016","INSV","Internal Service Fund","0196EBS","Equipment Services EBS","5.D","City Fleet Asset Management","QM","Supplies & Materials","546 167","0","977 396,46","977 396,46"
"2 016","GNFD","General Fund","0001CVS","Civil Service GF","5.33","Fire Applicant - Physical Abilities Testing","QV","Contractual & Other Services","1 678","0","0","0"
"2 016","EFOP","Enterprise Operating Fund","0440SAN","Sanitation Operating Fund","3.16","Landfill Services","PS","Personnel Services","6 077 168","0","6 098 931,05","6 098 931,05"
"2 016","GNFD","General Fund","0001DFD","Dallas Fire Rescue GF","1.08","EMS Administration, Contracts, and Community Health","RE","Reimbursements","0","0","(16 273,7)","(16 273,7)"
"2 016","OTHO","Other Operating Fund","0195ORM","Office of Risk Management","5.P","Risk Management Services","QM","Supplies & Materials","293 499","0","143 709,51","143 709,51"
"2 016","EFOP","Enterprise Operating Fund","0440SAN","Sanitation Operating Fund","3.04","Brush/Bulk Waste Removal Services","QM","Supplies & Materials","985 848","0","695 374,74","695 374,74"
"2 016","GNFD","General Fund","0001DPD","Police Department GF","1.3","Police Recruiting and Personnel Service","PS","Personnel Services","6 927 914","0","6 623 217,38","6 623 217,38"
"2 016","GNFD","General Fund","0001ECO","Economic Development GF","2.04","Business Development","PS","Personnel Services","759 664","0","506 595,88","506 595,88"
"2 016","GNFD","General Fund","0001CCS","Code Compliance GF","3.1","Consumer Health","PS","Personnel Services","2 439 606","0","2 164 668,45","2 164 668,45"
"2 016","EFOP","Enterprise Operating Fund","0150DEV","Sustainable Dev and Construction - Enterprise","2.16","Express Plan Review","PS","Personnel Services","1 539 515","0","1 526 668,83","1 526 668,83"
"2 016","GNFD","General Fund","0001DPD","Police Department GF","1.1499999999999999","Juvenile Case Managers/First Offender Program","QM","Supplies & Materials","0","0","0","0"
"2 017","EFOP","Enterprise Operating Fund","0100DWU","Water Utilities DWU","5.55","Water Utilities Customer Account Services","RE","Reimbursements","(576 915)","0","(163 163,94)","(163 163,94)"
"2 017","GNFD","General Fund","0001ATT","City Attorney's Office GF","5.45","Litigation","RE","Reimbursements","(125 706)","0","(31 573,83)","(31 573,83)"
"2 016","GNFD","General Fund","0001PBW","Public Works GF","5.43","Land Surveying Services","QV","Contractual & Other Services","127 891","0","129 697,4","129 697,4"
"2 016","GNFD","General Fund","0001CCS","Code Compliance GF","3.17","Neighborhood Code Compliance Services","PS","Personnel Services","13 629 796","0","14 388 654,29","14 388 654,29"
"2 016","GNFD","General Fund","0001ECO","Economic Development GF","2.11","Dallas Film Commission","RE","Reimbursements","(201 298)","0","(70 000)","(70 000)"
"2 016","GNFD","General Fund","0001DFD","Dallas Fire Rescue GF","9.99","Department Support","QM","Supplies & Materials","25 774","0","37 658,31","37 658,31"
"2 016","GNFD","General Fund","0001HOU","Housing GF","3.09","Comprehensive Homeless Outreach","QM","Supplies & Materials","27 216","0","18 627,33","18 627,33"
"2 016","GNFD","General Fund","0001PBW","Public Works GF","9.99","Department Support","QM","Supplies & Materials","3 689","0","26 260,88","26 260,88"
"2 017","GNFD","General Fund","0001PKR","Park and Recreation GF","9.99","Department Support","RE","Reimbursements","(2 780 538)","0","(158 016,33)","(158 016,33)"
"2 016","GNFD","General Fund","0001DPD","Police Department GF","1.31","Police Special Operations","TR","Transfers Out","273 383","0","0","0"
"2 016","GNFD","General Fund","0001ECO","Economic Development GF","2.14","Economic Development Research and Information Services","QM","Supplies & Materials","17 416","0","3 542,82","3 542,82"
"2 016","GNFD","General Fund","0001DPD","Police Department GF","9.99","Department Support","QM","Supplies & Materials","71 167","0","181 702,79","181 702,79"
"2 016","GNFD","General Fund","0001EAD","Mgmt Services - Ethics and Diversity","5.3","Ethics and Diversity","RE","Reimbursements","(22 529)","0","0","0"
"2 016","INSV","Internal Service Fund","0199POM","Express Business Center POM","5.G","Disposal of Surplus and Police Unclaimed Property","QV","Contractual & Other Services","507 816","0","614 044,47","614 044,47"
"2 016","GNFD","General Fund","0001HOU","Housing GF","5.37","Housing Management/Contract Support","QM","Supplies & Materials","2 000","0","21 945,21","21 945,21"
"2 016","GNFD","General Fund","0001CSC","Mgmt Services - 311 Customer Service Center","5.01","311 Customer Service Center","QM","Supplies & Materials","18 983","0","80 571,34","80 571,34"
"2 016","GNFD","General Fund","0001EBS","Building Services GF","5.17","City Facility Operation, Maintenance and Repair","RE","Reimbursements","(853 544)","0","(2 500 219,52)","(2 500 219,52)"
"2 016","GNFD","General Fund","0001PKR","Park and Recreation GF","4.0999999999999996","Planning, Design, Construction & EMS and Environ Compliance","PS","Personnel Services","2 470 140","0","2 662 776,98","2 662 776,98"
"2 016","EFOP","Enterprise Operating Fund","0100DWU","Water Utilities DWU","5.53","Vital Statistics","QM","Supplies & Materials","84 719","0","46 620,69","46 620,69"
"2 016","GNFD","General Fund","0001PKR","Park and Recreation GF",,"NONE","QV","Contractual & Other Services","0","0","2 906,39","2 906,39"
"2 017","GNFD","General Fund","0001OFS","Non-Departmental","5.46","Non-Departmental","QM","Supplies & Materials","50 000","0","2 071,81","2 071,81"
"2 016","GNFD","General Fund","0001ECO","Economic Development GF","2.4","Small Business Initiatives","TR","Transfers Out","100 000","0","0","0"
"2 016","GNFD","General Fund","0001PKR","Park and Recreation GF","2.2999999999999998","Operation & Maintenance of Fair Park","QM","Supplies & Materials","2 520 173","0","2 270 154,87","2 270 154,87"
"2 016","GNFD","General Fund","0001STS","Street Services GF","2.38","Rights-of-Way Maintenance Contracts and Inspections Group","QV","Contractual & Other Services","9 891 660","0","4 477 623,84","4 477 623,84"
"2 016","GNFD","General Fund","0001DEV","Sustainable Dev and Construction GF","2.35","Real Estate and Relocation","PS","Personnel Services","2 079 348","0","2 113 447,4","2 113 447,4"
"2 016","GNFD","General Fund","0001ECO","Economic Development GF","9.99","Department Support","QM","Supplies & Materials","0","0","961,68","961,68"
"2 016","INSV","Internal Service Fund","0196EBS","Equipment Services EBS","9.99","Department Support","PS","Personnel Services","1 515 757","0","1 543 287,68","1 543 287,68"
"2 016","EFOP","Enterprise Operating Fund","0130AVI","Airport Operations AVI","2.21","Aviation Facilities - Dallas Executive Airport & Vertiport","QM","Supplies & Materials","589 531","0","178 213,42","178 213,42"
"2 016","EFOP","Enterprise Operating Fund","0150DEV","Sustainable Dev and Construction - Enterprise","2.15","Engineering & Inspection Review for Private Development","PS","Personnel Services","2 131 009","0","2 175 225,04","2 175 225,04"
"2 016","GNFD","General Fund","0001LIB","Library GF","4.07","Library Operations & Public Service","RE","Reimbursements","0","0","(18 950,79)","(18 950,79)"
"2 016","DSGO","General Obligation Debt Service","0981BMS","Debt Service BMS","8.8800000000000008","Debt Service","WA","Debt Svc-Principal","145 520 977","0","145 520 977,3","145 520 977,3"
"2 017","GNFD","General Fund","0001STS","Street Services GF","2.0499999999999998","Capital and Implementation Program","RC","Capital Outlay","347 780","0","67 192,63","67 192,63"
"2 016","GNFD","General Fund","0001PBW","Public Works GF","2.31","Pavement Management","QM","Supplies & Materials","4 189","0","5 344,24","5 344,24"
"2 016","EFOP","Enterprise Operating Fund","0100DWU","Water Utilities DWU","2.54","Water Utilities Capital Program Management","PS","Personnel Services","11 373 842","0","10 922 244,75","10 922 244,75"
"2 016","GNFD","General Fund","0001OCA","Office of Cultural Affairs GF","9.99","Department Support","RE","Reimbursements","(337 757)","0","0","0"
"2 016","GNFD","General Fund","0001CCS","Code Compliance GF","3.12","Dallas Animal Services","PS","Personnel Services","6 950 185","0","6 842 463,44","6 842 463,44"
"2 016","GNFD","General Fund","0001PKR","Park and Recreation GF","4.01","Aquatic Services","QV","Contractual & Other Services","612 216","0","376 019,62","376 019,62"
"2 016","GNFD","General Fund","0001PBW","Public Works GF","3.02","Ambient Air Monitoring","QV","Contractual & Other Services","131 779","0","112 779,6","112 779,6"
"2 016","GNFD","General Fund","0001LIB","Library GF","4.0599999999999996","Library Materials & Collection Management","RE","Reimbursements","0","0","(57 457,89)","(57 457,89)"
"2 016","EFOP","Enterprise Operating Fund","0440SAN","Sanitation Operating Fund","3.2","Residential Refuse Collection","PS","Personnel Services","14 519 109","0","14 533 459,48","14 533 459,48"
"2 016","GNFD","General Fund","0001OEM","Mgmt Services - Emergency Management","1.07","Emergency Management Operations","QM","Supplies & Materials","42 787","0","40 712","40 712"
"2 016","GNFD","General Fund","0001PKR","Park and Recreation GF","4.05","Leisure Venue Management","QM","Supplies & Materials","739 001","0","1 099 521,83","1 099 521,83"
"2 016","INSV","Internal Service Fund","0198DSV","Information Technology DSV","5.Q","Strategic Technology Management","PS","Personnel Services","6 864 062","0","5 487 873,45","5 487 873,45"
"2 016","GNFD","General Fund","0001PBW","Public Works GF","2.0699999999999998","Capital Facilities","RC","Capital Outlay","52 622","0","0","0"
"2 016","GNFD","General Fund","0001PBW","Public Works GF","2.41","Street Cut and Right-of-Way Management (Cut Control)","QM","Supplies & Materials","15 142","0","9 004,81","9 004,81"
"2 016","GNFD","General Fund","0001CSC","Mgmt Services - 311 Customer Service Center","5.01","311 Customer Service Center","PS","Personnel Services","5 331 286","0","5 583 025,94","5 583 025,94"
"2 017","GNFD","General Fund","0001ATT","City Attorney's Office GF","3.13","Environ Enforcement, Compliance, and Support (Legal Service)","RE","Reimbursements","(98 665)","0","(17 388,96)","(17 388,96)"
"2 016","GNFD","General Fund","0001PBW","Public Works GF","3.02","Ambient Air Monitoring","RC","Capital Outlay","25 000","0","0","0"
"2 016","EFOP","Enterprise Operating Fund","0130AVI","Airport Operations AVI","2.12","Dallas Love Field","RE","Reimbursements","(6 579 773)","0","(5 344 576,09)","(5 344 576,09)"
"2 016","GNFD","General Fund","0001POM","Business Development & Procurement GF","5.49","Purchasing/Contract Management","QV","Contractual & Other Services","293 487","0","299 764,26","299 764,26"
"2 016","GNFD","General Fund","0001PKR","Park and Recreation GF","4.12","Recreation Services","QM","Supplies & Materials","2 254 788","0","2 270 541,76","2 270 541,76"
"2 016","INSV","Internal Service Fund","0199POM","Express Business Center POM","5.B","Business Services","QM","Supplies & Materials","3 553 393","0","3 554 809,59","3 554 809,59"
"2 017","EFOP","Enterprise Operating Fund","0150DEV","Sustainable Dev and Construction - Enterprise","9.99","Department Support","RE","Reimbursements","(373 899)","0","(57 921)","(57 921)"
"2 016","GNFD","General Fund","0001ECO","Economic Development GF","9.99","Department Support","RE","Reimbursements","(884 013)","0","(937 793,22)","(937 793,22)"
"2 017","GNFD","General Fund","0001ATT","City Attorney's Office GF","5.34","General Counsel","RE","Reimbursements","(323 340)","0","(98 900,89)","(98 900,89)"
"2 016","GNFD","General Fund","0001PER","Human Resources GF","5.38","HRIS and HR Payroll Services","QV","Contractual & Other Services","548 644","0","530 301,88","530 301,88"
"2 016","GNFD","General Fund","0001PBW","Public Works GF","5.43","Land Surveying Services","QM","Supplies & Materials","17 207","0","33 341,58","33 341,58"
"2 016","GNFD","General Fund","0001BMS","Office of Financial Services GF","9.99","Department Support","RE","Reimbursements","(301 469)","0","(267 499,69)","(267 499,69)"
"2 016","GNFD","General Fund","0001ECO","Economic Development GF","2.0099999999999998","Area Redevelopment","QM","Supplies & Materials","10 420","0","5 790,5","5 790,5"
"2 016","EFOP","Enterprise Operating Fund","0440SAN","Sanitation Operating Fund","3.19","Recycling Collection and Waste Diversion","PS","Personnel Services","3 840 774","0","3 864 908,29","3 864 908,29"
"2 016","GNFD","General Fund","0001PBW","Public Works GF","2.0699999999999998","Capital Facilities","RE","Reimbursements","(1 089 826)","0","(1 071 982,11)","(1 071 982,11)"
"2 016","GNFD","General Fund","0001PNV","Planning and Urban Design GF","2.3199999999999998","Planning and Design Studio","PS","Personnel Services","1 293 785","0","698 494,47","698 494,47"
"2 016","GNFD","General Fund","0001PKR","Park and Recreation GF","4.09","Park Land Maintained","RE","Reimbursements","(3 734 899)","0","(4 250 190,84)","(4 250 190,84)"
"2 016","GNFD","General Fund","0001ECO","Economic Development GF","2.0099999999999998","Area Redevelopment","RE","Reimbursements","(773 867)","0","(688 038,53)","(688 038,53)"
"2 016","DSGO","General Obligation Debt Service","0981BMS","Debt Service BMS","8.8800000000000008","Debt Service","WB","Debt Svc-Interest On Bonds","98 881 308","0","91 039 204,85","91 039 204,85"
"2 016","GNFD","General Fund","0001PKR","Park and Recreation GF","9.99","Department Support","RE","Reimbursements","(2 780 538)","0","0","0"
"2 016","GNFD","General Fund","0001EAD","Mgmt Services - Ethics and Diversity","5.3","Ethics and Diversity","QM","Supplies & Materials","1 500","0","11 276,76","11 276,76"
"2 016","GNFD","General Fund","0001PNV","Planning and Urban Design GF","2.3199999999999998","Planning and Design Studio","RE","Reimbursements","(293 405)","0","0","0"
"2 016","GNFD","General Fund","0001OEQ","Mgmt Services - Environmental Quaity","3.14","Environmental Quality","QV","Contractual & Other Services","760 669","0","214 261,15","214 261,15"
"2 016","GNFD","General Fund","0001CTS","Court and Detention Services GF","1.17","Municipal Court Services","PS","Personnel Services","5 239 616","0","4 833 211,86","4 833 211,86"
"2 017","EFOP","Enterprise Operating Fund","0130AVI","Airport Operations AVI","2.12","Dallas Love Field","WB","Debt Svc-Interest On Bonds","3 150","0","2 202,04","2 202,04"
"2 017","GNFD","General Fund","0001PKR","Park and Recreation GF","4.12","Recreation Services","RC","Capital Outlay","45 000","0","11 360,25","11 360,25"
"2 016","EFOP","Enterprise Operating Fund","0100DWU","Water Utilities DWU","5.18","City GIS Services","RE","Reimbursements","(1 008 707)","0","(1 041 054,17)","(1 041 054,17)"
"2 016","GNFD","General Fund","0001PBW","Public Works GF","5.43","Land Surveying Services","RE","Reimbursements","(623 819)","0","(547 615,33)","(547 615,33)"
"2 017","GNFD","General Fund","0001CCS","Code Compliance GF","3.12","Dallas Animal Services","RE","Reimbursements","0","0","(17 680)","(17 680)"
"2 016","GNFD","General Fund","0001POM","Business Development & Procurement GF","5.49","Purchasing/Contract Management","QM","Supplies & Materials","12 929","0","13 529,65","13 529,65"
"2 016","GNFD","General Fund","0001PBW","Public Works GF","2.0699999999999998","Capital Facilities","QV","Contractual & Other Services","417 491","0","489 247,04","489 247,04"
"2 016","GNFD","General Fund","0001STS","Street Services GF","2.38","Rights-of-Way Maintenance Contracts and Inspections Group","RE","Reimbursements","(954 000)","0","0","0"
"2 016","GNFD","General Fund","0001DFD","Dallas Fire Rescue GF","1.1100000000000001","Fire Investigation & Explosive Ordnance Disposal","QM","Supplies & Materials","34 455","0","61 287,12","61 287,12"
"2 016","GNFD","General Fund","0001STS","Street Services GF","2.39","Service Maintenance Areas","RE","Reimbursements","(3 425 443)","0","0","0"
"2 016","GNFD","General Fund","0001POM","Business Development & Procurement GF","5.49","Purchasing/Contract Management","PS","Personnel Services","1 864 511","0","1 934 395,36","1 934 395,36"
"2 016","INSV","Internal Service Fund","0199POM","Express Business Center POM","5.B","Business Services","PS","Personnel Services","433 998","0","436 469,24","436 469,24"
"2 016","GNFD","General Fund","0001STS","Street Services GF","9.99","Department Support","RE","Reimbursements","(1 225 127)","0","0","0"
"2 016","GNFD","General Fund","RSVTRAN","Reserves & Transfers","5.22","Contingency Reserve","TR","Transfers Out","2 628 101","0","2 628 101","2 628 101"
"2 016","GNFD","General Fund","RSVTRAN","Reserves & Transfers","5.44","Liability/Claims Fund Transfer","QV","Contractual & Other Services","1 994 219","0","1 994 219","1 994 219"
"2 016","EFOP","Enterprise Operating Fund","0440SAN","Sanitation Operating Fund","3.03","Animal Remains Collection","QM","Supplies & Materials","45 688","0","31 903,34","31 903,34"
"2 017","GNFD","General Fund","0001DFD","Dallas Fire Rescue GF","2.1800000000000002","Fire Inspection for New Construction","RE","Reimbursements","(1 629 602)","0","(436 257,64)","(436 257,64)"
"2 016","EFOP","Enterprise Operating Fund","0150DEV","Sustainable Dev and Construction - Enterprise","2.16","Express Plan Review","QV","Contractual & Other Services","22 700","0","27 198,55","27 198,55"
"2 016","GNFD","General Fund","0001DFD","Dallas Fire Rescue GF","1.1200000000000001","Fire Training and Recruitment","PS","Personnel Services","11 797 172","0","7 308 182,84","7 308 182,84"
"2 016","GNFD","General Fund","0001PER","Human Resources GF","5.39","Human Resource Consulting","QV","Contractual & Other Services","889 705","0","749 462,93","749 462,93"
"2 016","GNFD","General Fund","0001PBW","Public Works GF","2.0499999999999998","Capital and Implementation Program","RE","Reimbursements","(5 164 604)","0","(4 844 198,49)","(4 844 198,49)"
"2 016","EFOP","Enterprise Operating Fund","0100DWU","Water Utilities DWU","3.25","Wastewater Treatment","RC","Capital Outlay","591 569","0","697 445,4","697 445,4"
"2 016","GNFD","General Fund","0001LIB","Library GF","4.08","Literacy Initiatives, Education & Community Engagement","QM","Supplies & Materials","28 201","0","18 977,68","18 977,68"
"2 016","GNFD","General Fund","0001CVS","Civil Service GF","5.2","Civil Service Board Administration/Employee Appeals Process","QV","Contractual & Other Services","61 936","0","22 278,01","22 278,01"
"2 016","GNFD","General Fund","0001DPD","Police Department GF","1.21","Police Administrative Support","QM","Supplies & Materials","2 481 323","0","2 932 476,2","2 932 476,2"
"2 016","GNFD","General Fund","0001CCO","City Controller's Office GF","5.32","Financial Reporting","QV","Contractual & Other Services","228 668","0","218 287,38","218 287,38"
"2 016","GNFD","General Fund","0001PBW","Public Works GF","2.2599999999999998","Interagency and Transportation Administration","QM","Supplies & Materials","8 209","0","10 154,65","10 154,65"
"2 016","INSV","Internal Service Fund","0199POM","Express Business Center POM","5.G","Disposal of Surplus and Police Unclaimed Property","PS","Personnel Services","188 844","0","186 348,68","186 348,68"
"2 016","GNFD","General Fund","0001PKR","Park and Recreation GF","4.04","Golf and Tennis Centers","QM","Supplies & Materials","1 217 229","0","1 336 539,13","1 336 539,13"
"2 016","GNFD","General Fund","0001PKR","Park and Recreation GF","4.0999999999999996","Planning, Design, Construction & EMS and Environ Compliance","QV","Contractual & Other Services","283 237","0","72 574,36","72 574,36"
"2 016","GNFD","General Fund","0001PKR","Park and Recreation GF","4.04","Golf and Tennis Centers","RE","Reimbursements","(357 319)","0","(535 611,07)","(535 611,07)"
"2 016","GNFD","General Fund","0001LIB","Library GF","4.0599999999999996","Library Materials & Collection Management","QV","Contractual & Other Services","1 944 446","0","1 399 658,85","1 399 658,85"
"2 016","GNFD","General Fund","0001PER","Human Resources GF","5.21","Compensation Analysis / Classification","QV","Contractual & Other Services","121 455","0","82 371,73","82 371,73"
"2 016","INSV","Internal Service Fund","0199POM","Express Business Center POM","5.G","Disposal of Surplus and Police Unclaimed Property","TR","Transfers Out","11 368","0","0","0"
"2 016","INSV","Internal Service Fund","0196EBS","Equipment Services EBS","5.E","City Fleet Maintenance and Repair Services","PS","Personnel Services","13 098 086","0","12 776 108,53","12 776 108,53"
"2 016","GNFD","General Fund","0001PBW","Public Works GF","2.0699999999999998","Capital Facilities","QM","Supplies & Materials","10 040","0","25 186,86","25 186,86"
"2 016","GNFD","General Fund","0001PKR","Park and Recreation GF","2.2999999999999998","Operation & Maintenance of Fair Park","PS","Personnel Services","3 534 037","0","3 289 819,77","3 289 819,77"
"2 016","OTHO","Other Operating Fund","0278PER","Employee Benefits Administration","5.J","HR Benefits Administration Services","PS","Personnel Services","613 928","0","513 333,48","513 333,48"
"2 016","OTHO","Other Operating Fund","0286PER","Wellness Program Fund","5.R","Wellness Program","QM","Supplies & Materials","1 000","0","392,9","392,9"
"2 016","GNFD","General Fund","0001PKR","Park and Recreation GF","4.12","Recreation Services","PS","Personnel Services","12 693 742","0","13 307 630,72","13 307 630,72"
"2 016","GNFD","General Fund","0001DPD","Police Department GF","1.2","Police Academy and In-service Training","PS","Personnel Services","17 663 542","0","16 743 902,62","16 743 902,62"
"2 016","GNFD","General Fund","0001DFD","Dallas Fire Rescue GF","1.1200000000000001","Fire Training and Recruitment","QM","Supplies & Materials","461 293","0","901 942,65","901 942,65"
"2 016","INSV","Internal Service Fund","0198DSV","Information Technology DSV","5.K","Internal Computer Support","RC","Capital Outlay","0","0","755 280","755 280"
"2 017","GNFD","General Fund","0001DFD","Dallas Fire Rescue GF","1.33","Special Operations","RE","Reimbursements","(5 951 946)","0","(1 423 171,39)","(1 423 171,39)"
"2 016","INSV","Internal Service Fund","0196EBS","Equipment Services EBS","5.I","Fuel Procurement and Management","QM","Supplies & Materials","14 245 013","0","11 073 755,2","11 073 755,2"
"2 016","GNFD","General Fund","0001DFD","Dallas Fire Rescue GF","1.33","Special Operations","RE","Reimbursements","(5 951 946)","0","(5 853 507,19)","(5 853 507,19)"
"2 016","GNFD","General Fund","0001DEV","Sustainable Dev and Construction GF","2.35","Real Estate and Relocation","QM","Supplies & Materials","16 481","0","19 459,47","19 459,47"
"2 016","EFOP","Enterprise Operating Fund","0080CCT","Convention Center CCT","2.1","Dallas Convention Center","QM","Supplies & Materials","4 083 826","0","3 808 098,31","3 808 098,31"
"2 016","GNFD","General Fund","0001ECO","Economic Development GF","2.4","Small Business Initiatives","RE","Reimbursements","(670 815)","0","(393 685)","(393 685)"
"2 016","GNFD","General Fund","0001POM","Business Development & Procurement GF","5.1100000000000003","Business Inclusion & Development Compliance Monitoring","PS","Personnel Services","475 373","0","447 457,6","447 457,6"
"2 016","GNFD","General Fund","0001ATT","City Attorney's Office GF","9.99","Department Support","QM","Supplies & Materials","70 235","0","47 713,83","47 713,83"
"2 016","EFOP","Enterprise Operating Fund","0150DEV","Sustainable Dev and Construction - Enterprise","2.2200000000000002","GIS Mapping for Private Development","RE","Reimbursements","0","0","(10 040)","(10 040)"
"2 016","EFOP","Enterprise Operating Fund","0130AVI","Airport Operations AVI","2.21","Aviation Facilities - Dallas Executive Airport & Vertiport","RE","Reimbursements","0","0","(57 901,25)","(57 901,25)"
"2 017","GNFD","General Fund","0001STS","Street Services GF","2.48","Traffic Safety and Congestion Management","RC","Capital Outlay","1 800 000","0","6 000","6 000"
"2 016","GNFD","General Fund","0001STS","Street Services GF","2.4700000000000002","Traffic Operations Maintenance","RE","Reimbursements","(837 449)","0","(1 293 752,91)","(1 293 752,91)"
"2 016","EFOP","Enterprise Operating Fund","0130AVI","Airport Operations AVI","2.06","Capital Construction and Debt Service","TR","Transfers Out","25 153 923","0","19 873 688,55","19 873 688,55"
"2 016","EFOP","Enterprise Operating Fund","0080CCT","Convention Center CCT","2.29","Office of Special Events","PS","Personnel Services","446 280","0","386 470,99","386 470,99"
"2 016","GNFD","General Fund","0001BMS","Office of Financial Services GF","5.36","Grant Administration","PS","Personnel Services","1 099 050","0","1 107 076,65","1 107 076,65"
"2 016","GNFD","General Fund","0001ATT","City Attorney's Office GF","3.07","Community Prosecution & Community Courts","QM","Supplies & Materials","23 968","0","82 221,41","82 221,41"
"2 016","INSV","Internal Service Fund","0196EBS","Equipment Services EBS","5.H","Environmental Services for City Fleet Operations","QM","Supplies & Materials","67 603","0","10 846,31","10 846,31"
"2 016","GNFD","General Fund","0001DFD","Dallas Fire Rescue GF","2.1800000000000002","Fire Inspection for New Construction","QV","Contractual & Other Services","62 518","0","86 050,63","86 050,63"
"2 016","GNFD","General Fund","0001PKR","Park and Recreation GF","4.01","Aquatic Services","QM","Supplies & Materials","749 644","0","869 976,3","869 976,3"
"2 016","GNFD","General Fund","0001IGS","Mgmt Services - Intergovernmental Services","5.41","Intergovernmental Services","QV","Contractual & Other Services","79 359","0","84 563,5","84 563,5"
"2 016","INSV","Internal Service Fund","0196EBS","Equipment Services EBS","5.F","City Fleet Paint and Body Shop Coordination","QM","Supplies & Materials","267","0","6 649,41","6 649,41"
"2 016","EFOP","Enterprise Operating Fund","0061SDM","Storm Drainage Mgmt Operations","2.2000000000000002","Floodplain and Drainage Management","QM","Supplies & Materials","20 358","0","43 017,46","43 017,46"
"2 016","GNFD","General Fund","0001BMS","Office of Financial Services GF","5.36","Grant Administration","RE","Reimbursements","0","0","(48 131,45)","(48 131,45)"
"2 016","GNFD","General Fund","0001ECO","Economic Development GF","2.13","Economic Development Major Projects & Other Programs","RE","Reimbursements","(346 752)","0","(239 998,5)","(239 998,5)"
"2 016","GNFD","General Fund","0001TWM","Trinity Watershed Management GF","2.4900000000000002","Trinity River Corridor Operations","PS","Personnel Services","638 013","0","561 601,03","561 601,03"
"2 017","EFOP","Enterprise Operating Fund","0130AVI","Airport Operations AVI","2.12","Dallas Love Field","WA","Debt Svc-Principal","266 039","0","132 392,54","132 392,54"
"2 017","EFOP","Enterprise Operating Fund","0061SDM","Storm Drainage Mgmt Operations","3.22","Stormwater Regulations & Enforcement","RC","Capital Outlay","199 930","0","31 965,75","31 965,75"
"2 016","GNFD","General Fund","0001PBW","Public Works GF","2.0499999999999998","Capital and Implementation Program","QM","Supplies & Materials","58 392","0","72 054,02","72 054,02"
"2 016","GNFD","General Fund","0001PKR","Park and Recreation GF","4.12","Recreation Services","QV","Contractual & Other Services","4 425 289","0","3 192 359,59","3 192 359,59"
"2 016","GNFD","General Fund","0001MCC","Mayor and City Council GF","5.03","Administrative Support for the Mayor and City Council","PS","Personnel Services","3 587 074","0","3 864 787,19","3 864 787,19"
"2 016","GNFD","General Fund","0001PKR","Park and Recreation GF","4.0999999999999996","Planning, Design, Construction & EMS and Environ Compliance","QM","Supplies & Materials","29 352","0","17 767,31","17 767,31"
"2 017","EFOP","Enterprise Operating Fund","0100DWU","Water Utilities DWU","5.26","DWU General Expense","TR","Transfers Out","24 554 000","0","6 016 926,75","6 016 926,75"
"2 016","GNFD","General Fund","0001PIO","Mgmt Services - Public Information Office","5.48","Public Information Office / Communications & Broadcasting","QM","Supplies & Materials","29 779","0","24 650,18","24 650,18"
"2 017","EFOP","Enterprise Operating Fund","0150DEV","Sustainable Dev and Construction - Enterprise","2.15","Engineering & Inspection Review for Private Development","RE","Reimbursements","(548 741)","0","(166 228)","(166 228)"
"2 017","GNFD","General Fund","0001CCO","City Controller's Office GF","5.12","Cash and Debt Management","QM","Supplies & Materials","0","0","7,46","7,46"
"2 016","GNFD","General Fund","0001BMS","Office of Financial Services GF","9.99","Department Support","PS","Personnel Services","301 049","0","258 280,67","258 280,67"
"2 016","GNFD","General Fund","0001OEQ","Mgmt Services - Environmental Quaity","3.14","Environmental Quality","PS","Personnel Services","1 862 852","0","1 878 613,46","1 878 613,46"
"2 016","GNFD","General Fund","0001ECO","Economic Development GF","2.14","Economic Development Research and Information Services","RE","Reimbursements","(511 191)","0","(514 383,09)","(514 383,09)"
"2 016","EFOP","Enterprise Operating Fund","0140OCA","Municipal Radio OCA","4.13","WRR Municipal Radio Classical Music","QM","Supplies & Materials","96 915","0","86 743,09","86 743,09"
"2 016","GNFD","General Fund","0001STS","Street Services GF","2.4300000000000002","Street Repair Division - Asphalt","QV","Contractual & Other Services","3 767 846","0","2 675 200,18","2 675 200,18"
"2 016","GNFD","General Fund","0001ATT","City Attorney's Office GF","5.34","General Counsel","QM","Supplies & Materials","18 072","0","5 677,68","5 677,68"
"2 016","GNFD","General Fund","0001PKR","Park and Recreation GF","4.04","Golf and Tennis Centers","QV","Contractual & Other Services","775 355","0","955 744,99","955 744,99"
"2 016","GNFD","General Fund","0001ATT","City Attorney's Office GF","3.06","Code Litigation","PS","Personnel Services","894 554","0","854 897,16","854 897,16"
"2 016","GNFD","General Fund","0001PBW","Public Works GF","3.02","Ambient Air Monitoring","RE","Reimbursements","(741 278)","0","(755 298,14)","(755 298,14)"
"2 017","GNFD","General Fund","0001CVS","Civil Service GF","5.05","Applicant Processing - Civilian","RE","Reimbursements","0","0","(557,78)","(557,78)"
"2 016","GNFD","General Fund","0001PBW","Public Works GF","2.2599999999999998","Interagency and Transportation Administration","RE","Reimbursements","(704 867)","0","(867 255,11)","(867 255,11)"
"2 016","GNFD","General Fund","0001CTJ","Judiciary GF","1.03","Civil Adjudication Court","PS","Personnel Services","434 701","0","175 971,42","175 971,42"
"2 016","GNFD","General Fund","0001PBW","Public Works GF","3.01","Air Quality Compliance","QV","Contractual & Other Services","183 929","0","162 099,55","162 099,55"
"2 016","GNFD","General Fund","0001DPD","Police Department GF","1.31","Police Special Operations","PS","Personnel Services","31 263 093","0","32 974 036,01","32 974 036,01"
"2 016","GNFD","General Fund","0001MCC","Mayor and City Council GF","5.03","Administrative Support for the Mayor and City Council","RE","Reimbursements","0","0","(151 304,7)","(151 304,7)"
"2 017","GNFD","General Fund","0001DPD","Police Department GF","1.2","Police Academy and In-service Training","RC","Capital Outlay","0","0","8 937,6","8 937,6"
"2 016","GNFD","General Fund","0001PBW","Public Works GF","2.41","Street Cut and Right-of-Way Management (Cut Control)","QV","Contractual & Other Services","121 086","0","131 432,23","131 432,23"
"2 016","GNFD","General Fund","0001DFD","Dallas Fire Rescue GF","1.1200000000000001","Fire Training and Recruitment","RC","Capital Outlay","0","0","13,95","13,95"
"2 016","GNFD","General Fund","0001ECO","Economic Development GF","2.13","Economic Development Major Projects & Other Programs","QM","Supplies & Materials","9 462","0","1 384,92","1 384,92"
"2 016","GNFD","General Fund","0001DFD","Dallas Fire Rescue GF","1.1100000000000001","Fire Investigation & Explosive Ordnance Disposal","QV","Contractual & Other Services","527 160","0","733 350,91","733 350,91"
"2 016","INSV","Internal Service Fund","0196EBS","Equipment Services EBS","5.H","Environmental Services for City Fleet Operations","QV","Contractual & Other Services","1 513 441","0","787 589,6","787 589,6"
"2 016","GNFD","General Fund","0001PBW","Public Works GF","2.31","Pavement Management","QV","Contractual & Other Services","53 708","0","32 667,54","32 667,54"
"2 016","GNFD","General Fund","0001CVS","Civil Service GF","5.33","Fire Applicant - Physical Abilities Testing","QM","Supplies & Materials","125","0","137,76","137,76"
"2 017","EFOP","Enterprise Operating Fund","0061SDM","Storm Drainage Mgmt Operations","2.2000000000000002","Floodplain and Drainage Management","PS","Personnel Services","3 059 803","0","827 244,53","827 244,53"
"2 017","GNFD","General Fund","0001STS","Street Services GF","2.0499999999999998","Capital and Implementation Program","PS","Personnel Services","5 731 016","0","1 896 867,63","1 896 867,63"
"2 016","EFOP","Enterprise Operating Fund","0440SAN","Sanitation Operating Fund","3.16","Landfill Services","TR","Transfers Out","6 781 954","0","6 645 762,25","6 645 762,25"
"2 017","GNFD","General Fund","0001CTS","Court and Detention Services GF","3.15","Illegal Dump Team - Criminal Investigations and Arrests","RE","Reimbursements","(913 180)","0","(251 251,44)","(251 251,44)"
"2 017","INSV","Internal Service Fund","0196EBS","Equipment Services EBS","5.I","Fuel Procurement and Management","RE","Reimbursements","(358 179)","0","(94 680,96)","(94 680,96)"
"2 017","DSGO","General Obligation Debt Service","0981BMS","Debt Service BMS","8.8800000000000008","Debt Service","WB","Debt Svc-Interest On Bonds","106 075 392","0","62 742 077,07","62 742 077,07"
"2 016","EFOP","Enterprise Operating Fund","0150DEV","Sustainable Dev and Construction - Enterprise","2.15","Engineering & Inspection Review for Private Development","QV","Contractual & Other Services","381 531","0","212 860,35","212 860,35"
"2 016","EFOP","Enterprise Operating Fund","0100DWU","Water Utilities DWU","9.99","Department Support","QV","Contractual & Other Services","1 096 562","0","928 380,21","928 380,21"
"2 016","EFOP","Enterprise Operating Fund","0440SAN","Sanitation Operating Fund","3.19","Recycling Collection and Waste Diversion","QV","Contractual & Other Services","5 811 132","0","6 661 993,39","6 661 993,39"
"2 016","GNFD","General Fund","0001HOU","Housing GF","3.09","Comprehensive Homeless Outreach","TR","Transfers Out","0","0","0","0"
"2 017","GNFD","General Fund","0001OCA","Office of Cultural Affairs GF","4.0199999999999996","City-Owned Cultural Venues","WA","Debt Svc-Principal","0","0","308 009,96","308 009,96"
"2 017","GNFD","General Fund","0001OFS","Non-Departmental","5.46","Non-Departmental","PS","Personnel Services","600 000","0","0","0"
"2 017","EFOP","Enterprise Operating Fund","0150DEV","Sustainable Dev and Construction - Enterprise","2.5499999999999998","Zoning & Board of Adjustment","RE","Reimbursements","(88 214)","0","(19 075,65)","(19 075,65)"
"2 017","GNFD","General Fund","0001ATT","City Attorney's Office GF","5.25","DFW International Airport Legal Counsel","QV","Contractual & Other Services","735","0","885","885"
"2 017","GNFD","General Fund","0001ECO","Economic Development GF","2.0099999999999998","Area Redevelopment","QM","Supplies & Materials","10 420","0","559,19","559,19"
"2 016","GNFD","General Fund","0001EAD","Mgmt Services - Ethics and Diversity","5.3","Ethics and Diversity","PS","Personnel Services","239 865","0","91 142,72","91 142,72"
"2 017","GNFD","General Fund","0001DPD","Police Department GF","1.26","Police Investigation of Vice Related Crimes","RE","Reimbursements","(26 000)","0","(16 725)","(16 725)"
"2 017","GNFD","General Fund","0001OCA","Office of Cultural Affairs GF","4.03","Cultural Services Contracts","RE","Reimbursements","(1 530 267)","0","(600)","(600)"
"2 016","EFOP","Enterprise Operating Fund","0100DWU","Water Utilities DWU","3.24","Wastewater Collection","RC","Capital Outlay","532 500","0","445 530,8","445 530,8"
"2 016","GNFD","General Fund","0001ATT","City Attorney's Office GF","1.28","Police Legal Liaison","QV","Contractual & Other Services","92 841","0","79 072,75","79 072,75"
"2 016","GNFD","General Fund","0001DPD","Police Department GF","1.24","Police Field Patrol","RE","Reimbursements","0","0","(2 429 330,6)","(2 429 330,6)"
"2 017","GNFD","General Fund","0001TWM","Trinity Watershed Management GF","2.4900000000000002","Trinity River Corridor Operations","RC","Capital Outlay","0","0","10 031,04","10 031,04"
"2 017","EFOP","Enterprise Operating Fund","0440SAN","Sanitation Operating Fund","3.2","Residential Refuse Collection","TR","Transfers Out","900 516","0","115,61","115,61"
"2 016","GNFD","General Fund","0001DPD","Police Department GF","1.1499999999999999","Juvenile Case Managers/First Offender Program","QV","Contractual & Other Services","0","0","0","0"
"2 016","GNFD","General Fund","0001ATT","City Attorney's Office GF","5.25","DFW International Airport Legal Counsel","QV","Contractual & Other Services","0","0","705","705"
"2 017","GNFD","General Fund","0001CVS","Civil Service GF","5.04","Analysis/Development and Validation","RE","Reimbursements","0","0","(1 002,28)","(1 002,28)"
"2 016","GNFD","General Fund","0001HOU","Housing GF","3.09","Comprehensive Homeless Outreach","QV","Contractual & Other Services","5 735 120","0","5 945 573,59","5 945 573,59"
"2 017","EFOP","Enterprise Operating Fund","0080CCT","Convention Center CCT","2.1","Dallas Convention Center","TR","Transfers Out","13 677 541","0","1 445 542,64","1 445 542,64"
"2 016","GNFD","General Fund","0001SEC","City Secretary's Office GF","5.5","Records Management","QV","Contractual & Other Services","324 263","0","180 996,88","180 996,88"
"2 016","EFOP","Enterprise Operating Fund","0100DWU","Water Utilities DWU","2.54","Water Utilities Capital Program Management","QV","Contractual & Other Services","1 921 681","0","1 582 478,77","1 582 478,77"
"2 016","INSV","Internal Service Fund","0196EBS","Equipment Services EBS","5.D","City Fleet Asset Management","QV","Contractual & Other Services","1 329 937","0","1 269 283,4","1 269 283,4"
"2 017","GNFD","General Fund","0001OCA","Office of Cultural Affairs GF","4.0199999999999996","City-Owned Cultural Venues","WB","Debt Svc-Interest On Bonds","0","0","23 345,54","23 345,54"
"2 017","GNFD","General Fund","0001STS","Street Services GF","2.27","Mobility Planning","PS","Personnel Services","710 017","0","278 741,36","278 741,36"
"2 016","GNFD","General Fund","0001OFS","Non-Departmental","5.46","Non-Departmental","PS","Personnel Services","600 000","0","489 100,96","489 100,96"
"2 016","EFOP","Enterprise Operating Fund","0150DEV","Sustainable Dev and Construction - Enterprise","2.4500000000000002","Subdivision Plat Review","QV","Contractual & Other Services","118 256","0","28 910,22","28 910,22"
"2 016","GNFD","General Fund","0001ATT","City Attorney's Office GF","3.06","Code Litigation","QV","Contractual & Other Services","126 416","0","103 640,75","103 640,75"
"2 017","GNFD","General Fund","0001ADM","Mgmt Services - Admin","5.01","311 Customer Service Center","RE","Reimbursements","(299 179)","0","(299 179)","(299 179)"
"2 017","GNFD","General Fund","0001POM","Business Development & Procurement GF","2.5099999999999998","Vendor Development","QM","Supplies & Materials","225","0","195","195"
"2 017","GNFD","General Fund","0001STS","Street Services GF","2.56","Street Resurfacing","PS","Personnel Services","524 585","0","102 635,49","102 635,49"
"2 016","DSGO","General Obligation Debt Service","0981BMS","Debt Service BMS","8.8800000000000008","Debt Service","QV","Contractual & Other Services","10 923 451","0","10 710 577,07","10 710 577,07"
"2 017","GNFD","General Fund","0001CSC","Mgmt Services - 311 Customer Service Center","5.01","311 Customer Service Center","RE","Reimbursements","(4 129 653)","0","(2 196 416,32)","(2 196 416,32)"
"2 016","GNFD","General Fund","0001PIO","Mgmt Services - Public Information Office","5.48","Public Information Office / Communications & Broadcasting","QV","Contractual & Other Services","171 204","0","241 695,14","241 695,14"
"2 017","GNFD","General Fund","0001EBS","Building Services GF","5.29","Energy Procurement and Monitoring","RE","Reimbursements","(159 493)","0","(442 346,44)","(442 346,44)"
"2 016","GNFD","General Fund","0001DPD","Police Department GF","1.1499999999999999","Juvenile Case Managers/First Offender Program","RE","Reimbursements","(489 854)","0","(416 112,69)","(416 112,69)"
"2 016","GNFD","General Fund","0001DPD","Police Department GF","1.21","Police Administrative Support","RE","Reimbursements","(325 051)","0","(365 416,08)","(365 416,08)"
"2 016","GNFD","General Fund","0001DPD","Police Department GF","1.3","Police Recruiting and Personnel Service","RE","Reimbursements","0","0","(187,42)","(187,42)"
"2 017","GNFD","General Fund","0001CTJ","Judiciary GF","1.05","Court Security","QM","Supplies & Materials","6 925","0","939,77","939,77"
"2 017","EFOP","Enterprise Operating Fund","0080CCT","Convention Center CCT","2.29","Office of Special Events","QM","Supplies & Materials","9 150","0","969,08","969,08"
"2 016","EFOP","Enterprise Operating Fund","0100DWU","Water Utilities DWU","3.26","Water Conservation","RC","Capital Outlay","25 000","0","23 211","23 211"
"2 017","GNFD","General Fund","0001STS","Street Services GF","2.41","Street Cut and Right-of-Way Management (Cut Control)","PS","Personnel Services","573 021","0","180 286,33","180 286,33"
"2 017","OTGD","Other Gifts and Donations","0398MCC","Gifts and Donations",,"NONE","QV","Contractual & Other Services","500","0","0","0"
"2 016","GNFD","General Fund","0001DFD","Dallas Fire Rescue GF","9.99","Department Support","RE","Reimbursements","(1 611 733)","0","(1 611 733)","(1 611 733)"
"2 016","GNFD","General Fund","0001OFS","Non-Departmental","5.35","General Obligation Commercial Paper and Master Lease Program","RC","Capital Outlay","0","0","760 136,8","760 136,8"
"2 017","GNFD","General Fund","0001DEV","Sustainable Dev and Construction GF","2.02","Authorized Hearings","QV","Contractual & Other Services","42 047","0","2 945,18","2 945,18"
"2 016","EFOP","Enterprise Operating Fund","0150DEV","Sustainable Dev and Construction - Enterprise","2.5499999999999998","Zoning & Board of Adjustment","QV","Contractual & Other Services","301 927","0","121 589,35","121 589,35"
"2 016","GNFD","General Fund","0001HOU","Housing GF","3.08","Community/Senior Services","QV","Contractual & Other Services","1 618 339","0","1 742 049,11","1 742 049,11"
"2 017","INSV","Internal Service Fund","0196EBS","Equipment Services EBS","5.H","Environmental Services for City Fleet Operations","RE","Reimbursements","(1 145 676)","0","(162 577,64)","(162 577,64)"
"2 017","DSGO","General Obligation Debt Service","0981BMS","Debt Service BMS","8.8800000000000008","Debt Service","WA","Debt Svc-Principal","142 294 089","0","131 239 089","131 239 089"
"2 016","GNFD","General Fund","0001HOU","Housing GF","2.2400000000000002","Home Ownership/Development","QV","Contractual & Other Services","9 191","0","22 615,13","22 615,13"
"2 016","GNFD","General Fund","0001STS","Street Services GF","2.48","Traffic Safety and Congestion Management","RE","Reimbursements","(195 029)","0","(51 466,59)","(51 466,59)"
"2 016","GNFD","General Fund","0001LIB","Library GF","4.07","Library Operations & Public Service","PS","Personnel Services","17 840 715","0","16 614 079,33","16 614 079,33"
"2 016","GNFD","General Fund","0001PER","Human Resources GF","5.39","Human Resource Consulting","RE","Reimbursements","(292 724)","0","(286 366,52)","(286 366,52)"
"2 016","EFOP","Enterprise Operating Fund","0440SAN","Sanitation Operating Fund","3.04","Brush/Bulk Waste Removal Services","TR","Transfers Out","863 073","0","426 507,23","426 507,23"
"2 016","GNFD","General Fund","0001PNV","Planning and Urban Design GF","9.99","Department Support","RE","Reimbursements","(591 799)","0","(961 809,8)","(961 809,8)"
"2 017","GNFD","General Fund","0001PKR","Park and Recreation GF","4.0999999999999996","Planning, Design, Construction & EMS and Environ Compliance","RE","Reimbursements","(100 000)","0","(11 256,72)","(11 256,72)"
"2 016","EFOP","Enterprise Operating Fund","0150DEV","Sustainable Dev and Construction - Enterprise","2.17","Field Inspections of Private Development Construction Sites","QM","Supplies & Materials","194 846","0","171 033,96","171 033,96"
"2 016","EFOP","Enterprise Operating Fund","0440SAN","Sanitation Operating Fund","3.04","Brush/Bulk Waste Removal Services","QV","Contractual & Other Services","6 006 492","0","5 060 622,82","5 060 622,82"
"2 016","EFOP","Enterprise Operating Fund","0061SDM","Storm Drainage Mgmt Operations","3.22","Stormwater Regulations & Enforcement","QM","Supplies & Materials","327 795","0","335 650,45","335 650,45"
"2 016","EFOP","Enterprise Operating Fund","0440SAN","Sanitation Operating Fund","3.2","Residential Refuse Collection","QM","Supplies & Materials","3 343 190","0","3 878 272,73","3 878 272,73"
"2 016","GNFD","General Fund","0001DFD","Dallas Fire Rescue GF","1.1299999999999999","Fire-Rescue Equipment Maintenance and Supply","QM","Supplies & Materials","3 201 780","0","1 560 086,9","1 560 086,9"
"2 016","GNFD","General Fund","0001DPD","Police Department GF","1.22","Police Community Outreach","QV","Contractual & Other Services","97 916","0","126 934,82","126 934,82"
"2 016","GNFD","General Fund","0001DFD","Dallas Fire Rescue GF","1.1000000000000001","Fire Dispatch and Communications","RE","Reimbursements","(3 461 000)","0","0","0"
"2 017","EFOP","Enterprise Operating Fund","0150DEV","Sustainable Dev and Construction - Enterprise","2.15","Engineering & Inspection Review for Private Development","WB","Debt Svc-Interest On Bonds","3 469","0","2 795,81","2 795,81"
"2 016","GNFD","General Fund","0001OEQ","Mgmt Services - Environmental Quaity","3.14","Environmental Quality","QM","Supplies & Materials","57 387","0","53 504,09","53 504,09"
"2 016","GNFD","General Fund","0001ATT","City Attorney's Office GF","5.34","General Counsel","QV","Contractual & Other Services","633 414","0","437 017,97","437 017,97"
"2 016","GNFD","General Fund","0001PKR","Park and Recreation GF","4.12","Recreation Services","RC","Capital Outlay","100 000","0","144 756,91","144 756,91"
"2 016","GNFD","General Fund","0001CSC","Mgmt Services - 311 Customer Service Center","5.01","311 Customer Service Center","QV","Contractual & Other Services","905 418","0","946 884,64","946 884,64"
"2 016","INSV","Internal Service Fund","0198DSV","Information Technology DSV","5.O","Public Safety Technology Support","RC","Capital Outlay","0","0","12 600","12 600"
"2 017","GNFD","General Fund","0001STL","Street Lighting","2.42","Street Lighting","RE","Reimbursements","0","0","(106,05)","(106,05)"
"2 017","GNFD","General Fund","0001LEW","Jail Contract","1.1599999999999999","Lew Sterrett Jail Contract","QV","Contractual & Other Services","7 812 862","0","3 255 359,15","3 255 359,15"
"2 017","GNFD","General Fund","0001DPD","Police Department GF","9.99","Department Support","RE","Reimbursements","(8 683 455)","0","(22)","(22)"
"2 016","EFOP","Enterprise Operating Fund","0150DEV","Sustainable Dev and Construction - Enterprise","2.33","Private Development Records and Archival Library","QV","Contractual & Other Services","240 367","0","23 419,81","23 419,81"
"2 016","GNFD","General Fund","0001PKR","Park and Recreation GF","4.05","Leisure Venue Management","QV","Contractual & Other Services","17 178 489","0","15 793 980,63","15 793 980,63"
"2 016","GNFD","General Fund","0001DFD","Dallas Fire Rescue GF","1.1200000000000001","Fire Training and Recruitment","RE","Reimbursements","0","0","(7 300)","(7 300)"
"2 016","GNFD","General Fund","0001PNV","Planning and Urban Design GF","2.2799999999999998","Neighborhood Vitality","QV","Contractual & Other Services","205 125","0","375 301,51","375 301,51"
"2 017","GNFD","General Fund","0001DEV","Sustainable Dev and Construction GF","2.23","Historic Preservation","RE","Reimbursements","(167 363)","0","(18 411,87)","(18 411,87)"
"2 017","GNFD","General Fund","0001POM","Business Development & Procurement GF","5.1100000000000003","Business Inclusion & Development Compliance Monitoring","RE","Reimbursements","(77 110)","0","0","0"
"2 017","INSV","Internal Service Fund","0196EBS","Equipment Services EBS","5.E","City Fleet Maintenance and Repair Services","RE","Reimbursements","(353 376)","0","(65 072)","(65 072)"
"2 017","GNFD","General Fund","0001MCC","Mayor and City Council GF","5.03","Administrative Support for the Mayor and City Council","RE","Reimbursements","0","0","(22 395,55)","(22 395,55)"
"2 016","EFOP","Enterprise Operating Fund","0440SAN","Sanitation Operating Fund","3.2","Residential Refuse Collection","TR","Transfers Out","3 733 763","0","844 537,73","844 537,73"
"2 016","EFOP","Enterprise Operating Fund","0440SAN","Sanitation Operating Fund","3.05","City Facility Services","TR","Transfers Out","40 663","0","0","0"
"2 016","GNFD","General Fund","0001DPD","Police Department GF","1.23","Police Criminal Investigations","RE","Reimbursements","(236 000)","0","(328 719,83)","(328 719,83)"
"2 016","GNFD","General Fund","0001EBS","Building Services GF","9.99","Department Support","QV","Contractual & Other Services","9 907","0","71 946,91","71 946,91"
"2 016","GNFD","General Fund","0001STS","Street Services GF","2.48","Traffic Safety and Congestion Management","QV","Contractual & Other Services","952 091","0","952 096,55","952 096,55"
"2 016","INSV","Internal Service Fund","0197DSV","Radio Services DSV","5.M","Internal Radio Communication","QM","Supplies & Materials","737 436","0","900 138,29","900 138,29"
"2 016","GNFD","General Fund","0001DPD","Police Department GF","1.3","Police Recruiting and Personnel Service","QM","Supplies & Materials","97 662","0","139 440,4","139 440,4"
"2 016","EFOP","Enterprise Operating Fund","0440SAN","Sanitation Operating Fund","3.19","Recycling Collection and Waste Diversion","TR","Transfers Out","863 694","0","265 612,49","265 612,49"
"2 016","GNFD","General Fund","0001CCO","City Controller's Office GF","5.0199999999999996","Accounts Payable","QM","Supplies & Materials","39 164","0","39 507,68","39 507,68"
"2 017","EFOP","Enterprise Operating Fund","0150DEV","Sustainable Dev and Construction - Enterprise","2.4500000000000002","Subdivision Plat Review","PS","Personnel Services","467 076","0","190 451,19","190 451,19"
"2 017","GNFD","General Fund","0001CTJ","Judiciary GF","1.03","Civil Adjudication Court","PS","Personnel Services","398 043","0","60 699,1","60 699,1"
"2 017","GNFD","General Fund","0001DFD","Dallas Fire Rescue GF","1.1299999999999999","Fire-Rescue Equipment Maintenance and Supply","PS","Personnel Services","4 131 957","0","2 062 405,31","2 062 405,31"
"2 017","GNFD","General Fund","0001PER","Human Resources GF","5.21","Compensation Analysis / Classification","PS","Personnel Services","367 509","0","173 011,81","173 011,81"
"2 017","GNFD","General Fund","0001ECO","Economic Development GF","2.13","Economic Development Major Projects & Other Programs","QM","Supplies & Materials","9 462","0","65,23","65,23"
"2 017","GNFD","General Fund","0001DFD","Dallas Fire Rescue GF","1.33","Special Operations","PS","Personnel Services","6 295 389","0","2 585 272,12","2 585 272,12"
"2 016","GNFD","General Fund","0001SEC","City Secretary's Office GF","5.16","City Council Support","QV","Contractual & Other Services","157 381","0","296 636,1","296 636,1"
"2 016","GNFD","General Fund","0001ADM","Mgmt Services - Admin","5.01","311 Customer Service Center","RE","Reimbursements","(286 825)","0","(282 979)","(282 979)"
"2 017","EFOP","Enterprise Operating Fund","0061SDM","Storm Drainage Mgmt Operations","2.19","Flood Control","PS","Personnel Services","9 222 569","0","3 058 992,7","3 058 992,7"
"2 017","INSV","Internal Service Fund","0198DSV","Information Technology DSV","5.O","Public Safety Technology Support","QM","Supplies & Materials","94 840","0","1 750,45","1 750,45"
"2 017","GNFD","General Fund","0001EMS","Mgmt Services - EMS Compliance","5.28","EMS Compliance Program","QM","Supplies & Materials","2 200","0","394,16","394,16"
"2 017","GNFD","General Fund","0001AUD","City Auditor's Office GF","5.08","Audits, Attestations and Investigations","QM","Supplies & Materials","27 720","0","2 066,58","2 066,58"
"2 017","GNFD","General Fund","0001ATT","City Attorney's Office GF","1.28","Police Legal Liaison","PS","Personnel Services","592 108","0","284 621,89","284 621,89"
"2 017","GNFD","General Fund","0001DFD","Dallas Fire Rescue GF","1.1100000000000001","Fire Investigation & Explosive Ordnance Disposal","PS","Personnel Services","4 237 597","0","1 749 527,55","1 749 527,55"
"2 017","GNFD","General Fund","0001STS","Street Services GF","2.57","Street Forestry Division","PS","Personnel Services","231 168","0","3 631,43","3 631,43"
"2 016","GNFD","General Fund","0001OCA","Office of Cultural Affairs GF","4.1100000000000003","Public Art for Dallas","QV","Contractual & Other Services","188 542","0","133 549,36","133 549,36"
"2 017","GNFD","General Fund","0001EBS","Building Services GF","3.11","Custodial Maintenance","PS","Personnel Services","2 034 733","0","863 110,25","863 110,25"
"2 017","INSV","Internal Service Fund","0198DSV","Information Technology DSV","5.C","Business Technology Services","PS","Personnel Services","5 762 585","0","2 332 845,92","2 332 845,92"
"2 016","GNFD","General Fund","0001DPD","Police Department GF","1.2","Police Academy and In-service Training","RE","Reimbursements","0","0","(50 834,55)","(50 834,55)"
"2 017","EFOP","Enterprise Operating Fund","0080CCT","Convention Center CCT","2.1","Dallas Convention Center","RE","Reimbursements","0","0","(72 546,64)","(72 546,64)"
"2 017","GNFD","General Fund","0001EBS","Building Services GF","5.29","Energy Procurement and Monitoring","QV","Contractual & Other Services","78 451","0","30 023,24","30 023,24"
"2 017","INSV","Internal Service Fund","026APER","City Emp Basic Life Insurance Fund","5.J","HR Benefits Administration Services","QV","Contractual & Other Services","0","0","223 873,5","223 873,5"
"2 017","GNFD","General Fund","0001ELE","Elections","5.27","Elections","QM","Supplies & Materials","5 007","0","2 517,02","2 517,02"
"2 017","GNFD","General Fund","0001DPD","Police Department GF","1.22","Police Community Outreach","PS","Personnel Services","1 720 058","0","807 380,73","807 380,73"
"2 017","GNFD","General Fund","0001CTS","Court and Detention Services GF","1.02","City Detention Center","PS","Personnel Services","1 449 415","0","808 863,25","808 863,25"
"2 017","GNFD","General Fund","0001STS","Street Services GF","2.38","Rights-of-Way Maintenance Contracts and Inspections Group","PS","Personnel Services","1 630 761","0","757 945,61","757 945,61"
"2 017","GNFD","General Fund","0001CTS","Court and Detention Services GF","1.17","Municipal Court Services","PS","Personnel Services","5 305 682","0","2 251 138,22","2 251 138,22"
"2 016","GNFD","General Fund","0001OCA","Office of Cultural Affairs GF","4.0199999999999996","City-Owned Cultural Venues","QV","Contractual & Other Services","5 549 204","0","5 352 455,68","5 352 455,68"
"2 017","GNFD","General Fund","0001PNV","Planning and Urban Design GF","2.3199999999999998","Planning and Design Studio","PS","Personnel Services","1 230 782","0","383 229,88","383 229,88"
"2 017","EFOP","Enterprise Operating Fund","0164AVI","Transportation Regulation","2.36","Regulation and Enforcement of For Hire Transportation","PS","Personnel Services","846 634","0","177 714,11","177 714,11"
"2 017","GNFD","General Fund","0001CTS","Court and Detention Services GF","3.15","Illegal Dump Team - Criminal Investigations and Arrests","PS","Personnel Services","837 090","0","362 225,06","362 225,06"
"2 017","EFOP","Enterprise Operating Fund","0440SAN","Sanitation Operating Fund","3.19","Recycling Collection and Waste Diversion","PS","Personnel Services","4 110 542","0","1 913 890,67","1 913 890,67"
"2 017","GNFD","General Fund","0001OEQ","Mgmt Services - Environmental Quaity","3.14","Environmental Quality","PS","Personnel Services","2 593 594","0","1 256 173,1","1 256 173,1"
"2 017","GNFD","General Fund","0001EBS","Building Services GF","5.17","City Facility Operation, Maintenance and Repair","PS","Personnel Services","8 651 277","0","4 445 702,11","4 445 702,11"
"2 016","GNFD","General Fund","0001DPD","Police Department GF","1.3","Police Recruiting and Personnel Service","QV","Contractual & Other Services","2 735 126","0","2 700 100,94","2 700 100,94"
"2 017","GNFD","General Fund","0001PIO","Mgmt Services - Public Information Office","5.48","Public Information Office / Communications & Broadcasting","RE","Reimbursements","(322 573)","0","(3 342,94)","(3 342,94)"
"2 017","GNFD","General Fund","0001SEC","City Secretary's Office GF","5.07","Archives","QV","Contractual & Other Services","14 367","0","1 065,18","1 065,18"
"2 017","EFOP","Enterprise Operating Fund","0140OCA","Municipal Radio OCA","4.13","WRR Municipal Radio Classical Music","PS","Personnel Services","1 211 811","0","466 949,5","466 949,5"
"2 017","GNFD","General Fund","0001CCS","Code Compliance GF","3.18","Neighborhood Nuisance Abatement","RE","Reimbursements","(893 597)","0","(113 446,38)","(113 446,38)"
"2 017","GNFD","General Fund","0001FHO","Mgmt Services - Fair Housing","5.31","Fair Housing and Human Rights Compliance","QV","Contractual & Other Services","239 117","0","9 262,64","9 262,64"
"2 017","EFOP","Enterprise Operating Fund","0130AVI","Airport Operations AVI","2.12","Dallas Love Field","RE","Reimbursements","(6 131 526)","0","(1 401 206,5)","(1 401 206,5)"
"2 016","GNFD","General Fund","0001ATT","City Attorney's Office GF","9.99","Department Support","QV","Contractual & Other Services","0","0","190 060,77","190 060,77"
"2 017","GNFD","General Fund","0001DPD","Police Department GF","1.29","Police Operational Support","PS","Personnel Services","31 327 476","0","14 961 511,6","14 961 511,6"
"2 017","GNFD","General Fund","0001CCO","City Controller's Office GF","5.24","Deferred Compensation","RE","Reimbursements","(116 800)","0","(61 681,92)","(61 681,92)"
"2 016","GNFD","General Fund","0001DFD","Dallas Fire Rescue GF","1.1000000000000001","Fire Dispatch and Communications","QV","Contractual & Other Services","7 801 695","0","7 533 165,42","7 533 165,42"
"2 017","INSV","Internal Service Fund","0196EBS","Equipment Services EBS","5.I","Fuel Procurement and Management","PS","Personnel Services","795 531","0","367 766,28","367 766,28"
"2 017","GNFD","General Fund","0001LIB","Library GF","4.07","Library Operations & Public Service","PS","Personnel Services","18 176 908","0","8 403 610,5","8 403 610,5"
"2 017","GNFD","General Fund","0001DFD","Dallas Fire Rescue GF","1.1399999999999999","Inspection and Life Safety Education","PS","Personnel Services","9 054 467","0","3 695 078,31","3 695 078,31"
"2 017","GNFD","General Fund","0001CSC","Mgmt Services - 311 Customer Service Center","5.01","311 Customer Service Center","PS","Personnel Services","5 760 532","0","2 824 921,58","2 824 921,58"
"2 017","GNFD","General Fund","0001EBS","Building Services GF","9.99","Department Support","RE","Reimbursements","(763 906)","0","(392 464,93)","(392 464,93)"
"2 017","GNFD","General Fund","0001EBS","Building Services GF","2.0699999999999998","Capital Facilities","RE","Reimbursements","(954 840)","0","(134 999,1)","(134 999,1)"
"2 016","GNFD","General Fund","0001HOU","Housing GF","5.37","Housing Management/Contract Support","QV","Contractual & Other Services","92 810","0","254 730,69","254 730,69"
"2 016","GNFD","General Fund","0001ATT","City Attorney's Office GF","5.45","Litigation","QV","Contractual & Other Services","702 729","0","1 125 772,91","1 125 772,91"
"2 017","GNFD","General Fund","0001ECO","Economic Development GF","2.04","Business Development","PS","Personnel Services","763 301","0","251 817,64","251 817,64"
"2 017","INSV","Internal Service Fund","0197DSV","Radio Services DSV","5.M","Internal Radio Communication","PS","Personnel Services","2 333 488","0","1 077 493,95","1 077 493,95"
"2 017","GNFD","General Fund","0001BMS","Office of Financial Services GF","9.99","Department Support","PS","Personnel Services","314 945","0","126 439,02","126 439,02"
"2 017","GNFD","General Fund","0001CCS","Code Compliance GF","3.17","Neighborhood Code Compliance Services","PS","Personnel Services","15 785 659","0","7 557 369,2","7 557 369,2"
"2 017","EFOP","Enterprise Operating Fund","0150DEV","Sustainable Dev and Construction - Enterprise","2.17","Field Inspections of Private Development Construction Sites","PS","Personnel Services","6 719 118","0","2 765 535,18","2 765 535,18"
"2 017","EFOP","Enterprise Operating Fund","0100DWU","Water Utilities DWU","2.5299999999999998","Water Production and Delivery","RE","Reimbursements","(1 434 530)","0","(12 204,72)","(12 204,72)"
"2 017","EFOP","Enterprise Operating Fund","0130AVI","Airport Operations AVI","2.21","Aviation Facilities - Dallas Executive Airport & Vertiport","PS","Personnel Services","1 087 659","0","251 185,03","251 185,03"
"2 017","GNFD","General Fund","0001PIO","Mgmt Services - Public Information Office","5.48","Public Information Office / Communications & Broadcasting","PS","Personnel Services","1 406 998","0","611 082,49","611 082,49"
"2 017","GNFD","General Fund","0001CPE","Mgmt Services - Strategic Initiatives","5.13","Center for Performance Excellence","PS","Personnel Services","1 191 439","0","518 770,56","518 770,56"
"2 017","GNFD","General Fund","0001POM","Business Development & Procurement GF","5.49","Purchasing/Contract Management","PS","Personnel Services","2 062 327","0","993 014,43","993 014,43"
"2 017","EFOP","Enterprise Operating Fund","0150DEV","Sustainable Dev and Construction - Enterprise","2.5499999999999998","Zoning & Board of Adjustment","PS","Personnel Services","1 538 789","0","671 815,96","671 815,96"
"2 017","EFOP","Enterprise Operating Fund","0100DWU","Water Utilities DWU","3.24","Wastewater Collection","PS","Personnel Services","13 786 084","0","5 897 160,77","5 897 160,77"
"2 017","GNFD","General Fund","0001DFD","Dallas Fire Rescue GF","1.1299999999999999","Fire-Rescue Equipment Maintenance and Supply","RE","Reimbursements","(133 017)","0","(32 223,59)","(32 223,59)"
"2 017","GNFD","General Fund","0001STS","Street Services GF","2.44","Street Repair Division - Concrete","PS","Personnel Services","8 561 642","0","3 847 080,08","3 847 080,08"
"2 017","GNFD","General Fund","0001AUD","City Auditor's Office GF","5.08","Audits, Attestations and Investigations","PS","Personnel Services","2 949 953","0","1 283 348,46","1 283 348,46"
"2 017","GNFD","General Fund","0001EBS","Building Services GF","5.29","Energy Procurement and Monitoring","PS","Personnel Services","153 106","0","78 463,06","78 463,06"
"2 017","GNFD","General Fund","0001CCO","City Controller's Office GF","5.0199999999999996","Accounts Payable","PS","Personnel Services","868 177","0","362 689,07","362 689,07"
"2 017","GNFD","General Fund","0001EBS","Building Services GF","1.32","Security Service for City Facilities","PS","Personnel Services","3 769 864","0","1 620 518,53","1 620 518,53"
"2 016","GNFD","General Fund","0001PKR","Park and Recreation GF","4.01","Aquatic Services","RC","Capital Outlay","0","0","7 195","7 195"
"2 017","GNFD","General Fund","0001STS","Street Services GF","2.2599999999999998","Interagency and Transportation Administration","QM","Supplies & Materials","10 271","0","728,74","728,74"
"2 017","GNFD","General Fund","0001SEC","City Secretary's Office GF","5.0999999999999996","Boards and Commissions Support","QV","Contractual & Other Services","69 504","0","7 079,63","7 079,63"
"2 016","GNFD","General Fund","0001CTJ","Judiciary GF","1.04","Community Court","RE","Reimbursements","(49 957)","0","(46 862,1)","(46 862,1)"
"2 017","GNFD","General Fund","0001EMS","Mgmt Services - EMS Compliance","5.28","EMS Compliance Program","PS","Personnel Services","397 280","0","140 725,54","140 725,54"
"2 017","INSV","Internal Service Fund","0196EBS","Equipment Services EBS","5.H","Environmental Services for City Fleet Operations","PS","Personnel Services","443 745","0","161 654,17","161 654,17"
"2 016","GNFD","General Fund","0001DPD","Police Department GF","1.29","Police Operational Support","RE","Reimbursements","(9 339 000)","0","(8 831 411,3)","(8 831 411,3)"
"2 017","GNFD","General Fund","0001HOU","Housing GF","3.09","Comprehensive Homeless Outreach","PS","Personnel Services","2 217 744","0","752 077,99","752 077,99"
"2 017","GNFD","General Fund","0001ATT","City Attorney's Office GF","9.99","Department Support","PS","Personnel Services","1 269 981","0","849 995,75","849 995,75"
"2 017","EFOP","Enterprise Operating Fund","0080CCT","Convention Center CCT","2.1","Dallas Convention Center","PS","Personnel Services","8 275 617","0","3 667 011,09","3 667 011,09"
"2 017","INSV","Internal Service Fund","0198DSV","Information Technology DSV","5.18","City GIS Services","QM","Supplies & Materials","25 975","0","7 872,2","7 872,2"
"2 016","GNFD","General Fund","0001DFD","Dallas Fire Rescue GF","1.1399999999999999","Inspection and Life Safety Education","QV","Contractual & Other Services","207 354","0","270 261,7","270 261,7"
"2 017","GNFD","General Fund","0001HOU","Housing GF","3.09","Comprehensive Homeless Outreach","RE","Reimbursements","(244 887)","0","(179 560,31)","(179 560,31)"
"2 017","INSV","Internal Service Fund","0198DSV","Information Technology DSV","5.K","Internal Computer Support","PS","Personnel Services","3 198 345","0","1 380 575,9","1 380 575,9"
"2 017","GNFD","General Fund","0001DPD","Police Department GF","1.29","Police Operational Support","RE","Reimbursements","(8 025 000)","0","4 830,6","4 830,6"
"2 017","GNFD","General Fund","0001DPD","Police Department GF","1.27","Police Investigations of Narcotics Related Crimes","PS","Personnel Services","13 603 253","0","6 139 059,49","6 139 059,49"
"2 017","GNFD","General Fund","0001BMS","Office of Financial Services GF","5.52","Utility Management","PS","Personnel Services","136 103","0","65 773,96","65 773,96"
"2 016","GNFD","General Fund","0001CTJ","Judiciary GF","1.18","Municipal Judges/Cases Docketed","QV","Contractual & Other Services","205 479","0","189 284,38","189 284,38"
"2 016","GNFD","General Fund","0001BMS","Office of Financial Services GF","5.46","Non-Departmental","QV","Contractual & Other Services","0","0","0","0"
"2 017","GNFD","General Fund","0001OCA","Office of Cultural Affairs GF","4.0199999999999996","City-Owned Cultural Venues","PS","Personnel Services","3 144 315","0","1 454 455,51","1 454 455,51"
"2 017","GNFD","General Fund","0001DPD","Police Department GF","1.22","Police Community Outreach","QM","Supplies & Materials","12 769","0","12 142,54","12 142,54"
"2 017","INSV","Internal Service Fund","0198DSV","Information Technology DSV","5.N","Internal Telephone and Data Communication","PS","Personnel Services","484 393","0","333 536,69","333 536,69"
"2 016","GNFD","General Fund","0001CCO","City Controller's Office GF","5.47","Payroll","QV","Contractual & Other Services","90 735","0","50 826,86","50 826,86"
"2 017","GNFD","General Fund","0001DEV","Sustainable Dev and Construction GF","2.23","Historic Preservation","QM","Supplies & Materials","10 488","0","134,47","134,47"
"2 017","GNFD","General Fund","0001SEC","City Secretary's Office GF","5.5","Records Management","PS","Personnel Services","273 967","0","139 657,72","139 657,72"
"2 017","GNFD","General Fund","0001HOU","Housing GF","5.37","Housing Management/Contract Support","PS","Personnel Services","877 685","0","340 713,08","340 713,08"
"2 017","EFOP","Enterprise Operating Fund","0150DEV","Sustainable Dev and Construction - Enterprise","9.99","Department Support","QM","Supplies & Materials","2 450","0","2 601,12","2 601,12"
"2 017","GNFD","General Fund","0001CRO","Mgmt Services - Resiliency Office","2.37","Resiliency Office","QV","Contractual & Other Services","6 778","0","2 691,24","2 691,24"
"2 017","GNFD","General Fund","0001CVS","Civil Service GF","5.33","Fire Applicant - Physical Abilities Testing","PS","Personnel Services","92 161","0","45 240,15","45 240,15"
"2 017","EFOP","Enterprise Operating Fund","0130AVI","Airport Operations AVI","2.06","Capital Construction and Debt Service","TR","Transfers Out","19 801 260","0","7 244 720,63","7 244 720,63"
"2 016","GNFD","General Fund","0001OFS","Non-Departmental","5.35","General Obligation Commercial Paper and Master Lease Program","QM","Supplies & Materials","0","0","2 693,77","2 693,77"
"2 017","GNFD","General Fund","0001ATT","City Attorney's Office GF","5.25","DFW International Airport Legal Counsel","PS","Personnel Services","566 591","0","282 348,07","282 348,07"
"2 017","GNFD","General Fund","0001DPD","Police Department GF","1.31","Police Special Operations","RE","Reimbursements","(12 232 931)","0","(205 157,56)","(205 157,56)"
"2 017","GNFD","General Fund","0001CTJ","Judiciary GF","1.18","Municipal Judges/Cases Docketed","QM","Supplies & Materials","14 975","0","967,58","967,58"
"2 017","GNFD","General Fund","0001ATT","City Attorney's Office GF","1.28","Police Legal Liaison","QM","Supplies & Materials","1 900","0","1 772,74","1 772,74"
"2 016","GNFD","General Fund","0001BMS","Office of Financial Services GF","5.19","Citywide Capital and Operating Budget Dev and Monitoring","QM","Supplies & Materials","4 371","0","388,98","388,98"
"2 017","GNFD","General Fund","0001ATT","City Attorney's Office GF","3.07","Community Prosecution & Community Courts","PS","Personnel Services","1 657 897","0","777 946,98","777 946,98"
"2 017","GNFD","General Fund","0001CTS","Court and Detention Services GF","1.01","Adjudication Office","PS","Personnel Services","431 079","0","177 668,06","177 668,06"
"2 017","EFOP","Enterprise Operating Fund","0100DWU","Water Utilities DWU","2.52","Water Capital Funding","TR","Transfers Out","266 872 977","0","104 603 221,01","104 603 221,01"
"2 017","GNFD","General Fund","0001EAD","Mgmt Services - Ethics and Diversity","5.3","Ethics and Diversity","PS","Personnel Services","421 764","0","115 023,67","115 023,67"
"2 017","GNFD","General Fund","0001CVS","Civil Service GF","5.2","Civil Service Board Administration/Employee Appeals Process","QM","Supplies & Materials","5 397","0","10 788,6","10 788,6"
"2 016","GNFD","General Fund","0001ATT","City Attorney's Office GF","3.07","Community Prosecution & Community Courts","QV","Contractual & Other Services","241 769","0","192 080,77","192 080,77"
"2 017","GNFD","General Fund","0001DPD","Police Department GF","1.23","Police Criminal Investigations","PS","Personnel Services","56 361 041","0","26 677 190,35","26 677 190,35"
"2 017","GNFD","General Fund","0001CMO","City Manager's Office GF","5.14","City Administration","PS","Personnel Services","2 436 946","0","1 505 172,47","1 505 172,47"
"2 017","INSV","Internal Service Fund","0198DSV","Information Technology DSV","5.Q","Strategic Technology Management","PS","Personnel Services","7 540 887","0","2 482 048,22","2 482 048,22"
"2 016","GNFD","General Fund","0001PKR","Park and Recreation GF","4.09","Park Land Maintained","QM","Supplies & Materials","5 911 083","0","5 317 359,72","5 317 359,72"
"2 017","GNFD","General Fund","0001DFD","Dallas Fire Rescue GF","1.1200000000000001","Fire Training and Recruitment","PS","Personnel Services","11 358 307","0","3 188 872,12","3 188 872,12"
"2 017","GNFD","General Fund","0001ECO","Economic Development GF","9.99","Department Support","PS","Personnel Services","916 461","0","372 703,29","372 703,29"
"2 016","GNFD","General Fund","0001EBS","Building Services GF","9.99","Department Support","RE","Reimbursements","(612 741)","0","(625 180)","(625 180)"
"2 016","GNFD","General Fund","0001PBW","Public Works GF","3.02","Ambient Air Monitoring","PS","Personnel Services","829 880","0","885 164,73","885 164,73"
"2 017","OTHO","Other Operating Fund","0278PER","Employee Benefits Administration","5.J","HR Benefits Administration Services","PS","Personnel Services","618 375","0","297 387,37","297 387,37"
"2 017","GNFD","General Fund","0001CTS","Court and Detention Services GF","1.01","Adjudication Office","QM","Supplies & Materials","9 550","0","3 397,58","3 397,58"
"2 017","GNFD","General Fund","0001EBS","Building Services GF","9.99","Department Support","PS","Personnel Services","725 578","0","408 771,44","408 771,44"
"2 017","INSV","Internal Service Fund","0198DSV","Information Technology DSV","5.C","Business Technology Services","RC","Capital Outlay","0","0","67 000","67 000"
"2 017","GNFD","General Fund","0001DFD","Dallas Fire Rescue GF","1.0900000000000001","Fire and Rescue Emergency Response","PS","Personnel Services","176 666 599","0","79 301 172,62","79 301 172,62"
"2 017","GNFD","General Fund","0001PER","Human Resources GF","5.38","HRIS and HR Payroll Services","PS","Personnel Services","1 208 438","0","498 416,75","498 416,75"
"2 017","GNFD","General Fund","0001CVS","Civil Service GF","5.2","Civil Service Board Administration/Employee Appeals Process","PS","Personnel Services","370 352","0","122 433,76","122 433,76"
"2 017","INSV","Internal Service Fund","0196EBS","Equipment Services EBS","5.D","City Fleet Asset Management","PS","Personnel Services","1 286 645","0","443 326,4","443 326,4"
"2 017","GNFD","General Fund","0001DFD","Dallas Fire Rescue GF","1.1100000000000001","Fire Investigation & Explosive Ordnance Disposal","RE","Reimbursements","0","0","(734,42)","(734,42)"
"2 017","GNFD","General Fund","0001PNV","Planning and Urban Design GF","2.2799999999999998","Neighborhood Vitality","PS","Personnel Services","865 379","0","354 178,65","354 178,65"
"2 017","GNFD","General Fund","0001PER","Human Resources GF","5.39","Human Resource Consulting","PS","Personnel Services","2 068 013","0","911 339,11","911 339,11"
"2 017","EFOP","Enterprise Operating Fund","0100DWU","Water Utilities DWU","2.54","Water Utilities Capital Program Management","RE","Reimbursements","(250 000)","0","(242 050)","(242 050)"
"2 017","GNFD","General Fund","0001CCS","Code Compliance GF","3.18","Neighborhood Nuisance Abatement","PS","Personnel Services","4 337 124","0","1 693 683,5","1 693 683,5"
"2 017","GNFD","General Fund","0001ICT","Mgmt Services - Internal Control Task Force","5.42","Internal Control Task Force","QV","Contractual & Other Services","15 780","0","5 544,52","5 544,52"
"2 017","EFOP","Enterprise Operating Fund","0150DEV","Sustainable Dev and Construction - Enterprise","2.5499999999999998","Zoning & Board of Adjustment","QM","Supplies & Materials","33 602","0","15 669,07","15 669,07"
"2 017","GNFD","General Fund","0001PKR","Park and Recreation GF","4.09","Park Land Maintained","RE","Reimbursements","(3 553 666)","0","(1 172 639,44)","(1 172 639,44)"
"2 017","GNFD","General Fund","0001CCO","City Controller's Office GF","9.99","Department Support","PS","Personnel Services","180 068","0","149 516","149 516"
"2 017","GNFD","General Fund","0001PKR","Park and Recreation GF","4.01","Aquatic Services","PS","Personnel Services","1 826 313","0","453 282,87","453 282,87"
"2 017","INSV","Internal Service Fund","0198DSV","Information Technology DSV","5.18","City GIS Services","PS","Personnel Services","856 227","0","410 632,38","410 632,38"
"2 017","GNFD","General Fund","0001CTJ","Judiciary GF","1.18","Municipal Judges/Cases Docketed","PS","Personnel Services","1 863 626","0","988 272,7","988 272,7"
"2 016","EFOP","Enterprise Operating Fund","0100DWU","Water Utilities DWU","2.52","Water Capital Funding","TR","Transfers Out","268 152 526","0","247 560 120,24","247 560 120,24"
"2 017","INSV","Internal Service Fund","0199POM","Express Business Center POM","5.G","Disposal of Surplus and Police Unclaimed Property","PS","Personnel Services","199 813","0","57 695,96","57 695,96"
"2 017","GNFD","General Fund","0001DFD","Dallas Fire Rescue GF","2.1800000000000002","Fire Inspection for New Construction","PS","Personnel Services","1 546 972","0","913 315,28","913 315,28"
"2 017","EFOP","Enterprise Operating Fund","0080CCT","Convention Center CCT","2.29","Office of Special Events","PS","Personnel Services","492 467","0","107 672,01","107 672,01"
"2 017","GNFD","General Fund","0001CCO","City Controller's Office GF","5.12","Cash and Debt Management","PS","Personnel Services","549 057","0","220 800,7","220 800,7"
"2 016","GNFD","General Fund","0001DFD","Dallas Fire Rescue GF","1.1299999999999999","Fire-Rescue Equipment Maintenance and Supply","QV","Contractual & Other Services","1 825 525","0","1 360 028,78","1 360 028,78"
"2 017","INSV","Internal Service Fund","0198DSV","Information Technology DSV","5.M","Internal Radio Communication","QV","Contractual & Other Services","0","0","0","0"
"2 017","GNFD","General Fund","0001ATT","City Attorney's Office GF","3.13","Environ Enforcement, Compliance, and Support (Legal Service)","QM","Supplies & Materials","2 251","0","1 772,74","1 772,74"
"2 017","OTHO","Other Operating Fund","0286PER","Wellness Program Fund","5.R","Wellness Program","PS","Personnel Services","321 020","0","72 155,91","72 155,91"
"2 017","GNFD","General Fund","0001AGE","Mgmt Services - Council Agenda","5.15","City Agenda Process","QV","Contractual & Other Services","10 317","0","5 079,34","5 079,34"
"2 017","GNFD","General Fund","0001DPD","Police Department GF","1.27","Police Investigations of Narcotics Related Crimes","RE","Reimbursements","(276 000)","0","(181 431,79)","(181 431,79)"
"2 017","GNFD","General Fund","0001EBS","Building Services GF","2.0699999999999998","Capital Facilities","PS","Personnel Services","1 789 870","0","737 851,1","737 851,1"
"2 017","GNFD","General Fund","0001DPD","Police Department GF","1.25","Police Intelligence","PS","Personnel Services","7 895 834","0","3 878 897,41","3 878 897,41"
"2 017","GNFD","General Fund","0001PKR","Park and Recreation GF","4.0999999999999996","Planning, Design, Construction & EMS and Environ Compliance","QM","Supplies & Materials","18 897","0","8 470,05","8 470,05"
"2 017","GNFD","General Fund","0001CVS","Civil Service GF","5.33","Fire Applicant - Physical Abilities Testing","QM","Supplies & Materials","125","0","133,66","133,66"
"2 017","GNFD","General Fund","0001TWM","Trinity Watershed Management GF","2.4900000000000002","Trinity River Corridor Operations","PS","Personnel Services","919 243","0","170 344,27","170 344,27"
"2 017","GNFD","General Fund","0001DEV","Sustainable Dev and Construction GF","2.35","Real Estate and Relocation","QM","Supplies & Materials","15 782","0","13 068,06","13 068,06"
"2 017","GNFD","General Fund","0001DPD","Police Department GF","1.3","Police Recruiting and Personnel Service","PS","Personnel Services","6 749 532","0","3 383 778,79","3 383 778,79"
"2 017","GNFD","General Fund","0001ATT","City Attorney's Office GF","3.06","Code Litigation","QM","Supplies & Materials","2 650","0","19 656,59","19 656,59"
"2 017","GNFD","General Fund","0001SEC","City Secretary's Office GF","5.07","Archives","PS","Personnel Services","163 789","0","79 043,62","79 043,62"
"2 017","EFOP","Enterprise Operating Fund","0150DEV","Sustainable Dev and Construction - Enterprise","2.08","Construction Plan Review and Permitting","PS","Personnel Services","7 838 250","0","3 380 242,83","3 380 242,83"
"2 017","EFOP","Enterprise Operating Fund","0440SAN","Sanitation Operating Fund","3.2","Residential Refuse Collection","PS","Personnel Services","14 615 353","0","7 174 112,55","7 174 112,55"
"2 017","GNFD","General Fund","0001OCA","Office of Cultural Affairs GF","4.0199999999999996","City-Owned Cultural Venues","RE","Reimbursements","0","0","(1 868)","(1 868)"
"2 017","INSV","Internal Service Fund","0196EBS","Equipment Services EBS","5.F","City Fleet Paint and Body Shop Coordination","PS","Personnel Services","116 829","0","55 658,59","55 658,59"
"2 017","INSV","Internal Service Fund","0198DSV","Information Technology DSV",,"NONE","RC","Capital Outlay","0","0","0","0"
"2 016","GNFD","General Fund","0001STS","Street Services GF","2.44","Street Repair Division - Concrete","RC","Capital Outlay","0","0","83 620,54","83 620,54"
"2 016","GNFD","General Fund","0001DPD","Police Department GF","1.25","Police Intelligence","RE","Reimbursements","(86 500)","0","(175 572,4)","(175 572,4)"
"2 017","EFOP","Enterprise Operating Fund","0100DWU","Water Utilities DWU","2.52","Water Capital Funding","WB","Debt Svc-Interest On Bonds","32 700 000","0","14 367 539,21","14 367 539,21"
"2 017","GNFD","General Fund","0001ATT","City Attorney's Office GF","5.34","General Counsel","PS","Personnel Services","4 115 157","0","1 725 322,15","1 725 322,15"
"2 017","GNFD","General Fund","0001SEC","City Secretary's Office GF","5.5","Records Management","QV","Contractual & Other Services","315 837","0","95 032,67","95 032,67"
"2 017","GNFD","General Fund","0001IGS","Mgmt Services - Intergovernmental Services","5.41","Intergovernmental Services","PS","Personnel Services","764 219","0","354 292,37","354 292,37"
"2 017","GNFD","General Fund","0001STS","Street Services GF","9.99","Department Support","PS","Personnel Services","1 713 852","0","1 022 921,35","1 022 921,35"
"2 017","GNFD","General Fund","0001OEM","Mgmt Services - Emergency Management","1.07","Emergency Management Operations","PS","Personnel Services","599 698","0","298 899,98","298 899,98"
"2 017","GNFD","General Fund","0001EBS","Building Services GF","5.17","City Facility Operation, Maintenance and Repair","RE","Reimbursements","(1 715 375)","0","(703 835,78)","(703 835,78)"
"2 017","GNFD","General Fund","0001STS","Street Services GF","2.41","Street Cut and Right-of-Way Management (Cut Control)","RE","Reimbursements","(438 541)","0","(93 658,24)","(93 658,24)"
"2 017","EFOP","Enterprise Operating Fund","0150DEV","Sustainable Dev and Construction - Enterprise","2.2200000000000002","GIS Mapping for Private Development","QV","Contractual & Other Services","165 805","0","5 992,83","5 992,83"
"2 017","EFOP","Enterprise Operating Fund","0150DEV","Sustainable Dev and Construction - Enterprise","2.33","Private Development Records and Archival Library","PS","Personnel Services","837 105","0","381 813,43","381 813,43"
"2 017","GNFD","General Fund","0001CCO","City Controller's Office GF","5.12","Cash and Debt Management","QV","Contractual & Other Services","93 814","0","29 222,06","29 222,06"
"2 017","GNFD","General Fund","0001ADM","Mgmt Services - Admin","5.01","311 Customer Service Center","PS","Personnel Services","297 479","0","129 409,37","129 409,37"
"2 017","GNFD","General Fund","0001STS","Street Services GF","2.48","Traffic Safety and Congestion Management","PS","Personnel Services","2 799 394","0","1 372 680,74","1 372 680,74"
"2 016","GNFD","General Fund","0001AGE","Mgmt Services - Council Agenda","5.15","City Agenda Process","QM","Supplies & Materials","1 000","0","399,8","399,8"
"2 017","GNFD","General Fund","0001ECO","Economic Development GF","2.0099999999999998","Area Redevelopment","PS","Personnel Services","694 248","0","344 381,67","344 381,67"
"2 017","GNFD","General Fund","0001OEM","Mgmt Services - Emergency Management","1.07","Emergency Management Operations","QM","Supplies & Materials","39 417","0","19 136,7","19 136,7"
"2 016","GNFD","General Fund","0001ATT","City Attorney's Office GF","1.19","Municipal Prosecution","QV","Contractual & Other Services","334 163","0","268 514,37","268 514,37"
"2 016","GNFD","General Fund","0001DFD","Dallas Fire Rescue GF","9.99","Department Support","QV","Contractual & Other Services","121 512","0","101 911,55","101 911,55"
"2 017","EFOP","Enterprise Operating Fund","0150DEV","Sustainable Dev and Construction - Enterprise","2.34","Private Development Survey","PS","Personnel Services","555 270","0","221 409,1","221 409,1"
"2 017","INSV","Internal Service Fund","0196EBS","Equipment Services EBS","5.F","City Fleet Paint and Body Shop Coordination","QM","Supplies & Materials","1 282","0","1 221,48","1 221,48"
"2 017","GNFD","General Fund","0001STS","Street Services GF","5.43","Land Surveying Services","QM","Supplies & Materials","14 560","0","5 681,26","5 681,26"
"2 017","GNFD","General Fund","0001DEV","Sustainable Dev and Construction GF","2.23","Historic Preservation","PS","Personnel Services","695 389","0","324 155,25","324 155,25"
"2 017","GNFD","General Fund","0001AGE","Mgmt Services - Council Agenda","5.15","City Agenda Process","PS","Personnel Services","200 848","0","139 610,46","139 610,46"
"2 017","OTHO","Other Operating Fund","0195ORM","Office of Risk Management","5.P","Risk Management Services","PS","Personnel Services","2 371 570","0","1 170 729,84","1 170 729,84"
"2 017","GNFD","General Fund","0001EBS","Building Services GF","1.32","Security Service for City Facilities","RE","Reimbursements","(1 162 618)","0","(527 020,97)","(527 020,97)"
"2 016","EFOP","Enterprise Operating Fund","0080CCT","Convention Center CCT","2.29","Office of Special Events","RE","Reimbursements","0","0","(250)","(250)"
"2 016","GNFD","General Fund","0001CMO","City Manager's Office GF","5.14","City Administration","QV","Contractual & Other Services","172 767","0","156 780,12","156 780,12"
"2 016","GNFD","General Fund","0001MCC","Mayor and City Council GF","5.03","Administrative Support for the Mayor and City Council","QV","Contractual & Other Services","650 471","0","501 003,39","501 003,39"
"2 017","GNFD","General Fund","0001SEC","City Secretary's Office GF","5.23","Customer Service","PS","Personnel Services","168 193","0","87 872,31","87 872,31"
"2 017","GNFD","General Fund","0001STS","Street Services GF","2.4300000000000002","Street Repair Division - Asphalt","PS","Personnel Services","6 048 166","0","3 040 752,77","3 040 752,77"
"2 017","GNFD","General Fund","0001CRO","Mgmt Services - Resiliency Office","2.37","Resiliency Office","PS","Personnel Services","318 478","0","154 122,86","154 122,86"
"2 017","EFOP","Enterprise Operating Fund","0130AVI","Airport Operations AVI","2.06","Capital Construction and Debt Service","QV","Contractual & Other Services","1 618 576","0","301 142,5","301 142,5"
"2 017","GNFD","General Fund","0001PKR","Park and Recreation GF","4.12","Recreation Services","PS","Personnel Services","12 940 878","0","6 129 814,38","6 129 814,38"
"2 017","GNFD","General Fund","0001POM","Business Development & Procurement GF","5.1100000000000003","Business Inclusion & Development Compliance Monitoring","PS","Personnel Services","432 065","0","201 432,22","201 432,22"
"2 017","GNFD","General Fund","0001SEC","City Secretary's Office GF","5.0999999999999996","Boards and Commissions Support","QM","Supplies & Materials","1 700","0","434,53","434,53"
"2 017","EFOP","Enterprise Operating Fund","0440SAN","Sanitation Operating Fund","3.03","Animal Remains Collection","QV","Contractual & Other Services","123 027","0","48 101,57","48 101,57"
"2 016","GNFD","General Fund","0001ECO","Economic Development GF","2.0099999999999998","Area Redevelopment","QV","Contractual & Other Services","248 487","0","234 156,61","234 156,61"
"2 017","EFOP","Enterprise Operating Fund","0150DEV","Sustainable Dev and Construction - Enterprise","2.16","Express Plan Review","PS","Personnel Services","1 834 591","0","747 595,16","747 595,16"
"2 017","GNFD","General Fund","0001DFD","Dallas Fire Rescue GF","1.1000000000000001","Fire Dispatch and Communications","PS","Personnel Services","8 323 282","0","3 654 018,99","3 654 018,99"
"2 017","GNFD","General Fund","0001STS","Street Services GF","5.43","Land Surveying Services","RE","Reimbursements","(715 730)","0","(132 003,41)","(132 003,41)"
"2 017","EFOP","Enterprise Operating Fund","0440SAN","Sanitation Operating Fund","3.04","Brush/Bulk Waste Removal Services","PS","Personnel Services","7 480 596","0","3 845 165,8","3 845 165,8"
"2 017","EFOP","Enterprise Operating Fund","0150DEV","Sustainable Dev and Construction - Enterprise","2.33","Private Development Records and Archival Library","QM","Supplies & Materials","8 159","0","5 287,16","5 287,16"
"2 017","GNFD","General Fund","0001LIB","Library GF","4.08","Literacy Initiatives, Education & Community Engagement","QV","Contractual & Other Services","700","0","3 415,58","3 415,58"
"2 017","GNFD","General Fund","0001EBS","Building Services GF","2.0299999999999998","Bullington Truck Terminal and Thanksgiving Square","PS","Personnel Services","46 445","0","23 099,36","23 099,36"
"2 017","OTHO","Other Operating Fund","0191DSV","9-1-1 System Operations","5.A","9-1-1 Technology/Education Services","PS","Personnel Services","256 993","0","98 534,52","98 534,52"
"2 017","GNFD","General Fund","0001HOU","Housing GF","3.08","Community/Senior Services","PS","Personnel Services","1 551 548","0","687 751,84","687 751,84"
"2 017","GNFD","General Fund","0001OEQ","Mgmt Services - Environmental Quaity","3.14","Environmental Quality","RE","Reimbursements","(1 878 701)","0","(557 042,43)","(557 042,43)"
"2 017","GNFD","General Fund","0001CTJ","Judiciary GF","1.05","Court Security","PS","Personnel Services","968 426","0","526 848,87","526 848,87"
"2 017","INSV","Internal Service Fund","0199POM","Express Business Center POM","5.B","Business Services","PS","Personnel Services","444 682","0","221 446,59","221 446,59"
"2 017","GNFD","General Fund","0001ATT","City Attorney's Office GF","5.45","Litigation","PS","Personnel Services","4 515 171","0","2 212 065,47","2 212 065,47"
"2 017","EFOP","Enterprise Operating Fund","0100DWU","Water Utilities DWU","2.52","Water Capital Funding","QV","Contractual & Other Services","7 181 606","0","83 968,38","83 968,38"
"2 017","GNFD","General Fund","0001CCS","Code Compliance GF","3.1","Consumer Health","PS","Personnel Services","2 537 303","0","1 071 415,15","1 071 415,15"
"2 017","GNFD","General Fund","0001ATT","City Attorney's Office GF","3.13","Environ Enforcement, Compliance, and Support (Legal Service)","PS","Personnel Services","74 295","0","35 673,07","35 673,07"
"2 017","EFOP","Enterprise Operating Fund","0100DWU","Water Utilities DWU","3.25","Wastewater Treatment","TR","Transfers Out","1 253 522","0","0","0"
"2 017","GNFD","General Fund","0001DPD","Police Department GF","1.1499999999999999","Juvenile Case Managers/First Offender Program","PS","Personnel Services","481 945","0","212 438,64","212 438,64"
"2 017","GNFD","General Fund","0001CCO","City Controller's Office GF","5.24","Deferred Compensation","QM","Supplies & Materials","2 000","0","109,68","109,68"
"2 017","GNFD","General Fund","0001DPD","Police Department GF","9.99","Department Support","PS","Personnel Services","9 646 261","0","3 605 311,89","3 605 311,89"
"2 017","GNFD","General Fund","0001PER","Human Resources GF","9.99","Department Support","QV","Contractual & Other Services","0","0","411,3","411,3"
"2 017","GNFD","General Fund","0001CCS","Code Compliance GF","3.12","Dallas Animal Services","PS","Personnel Services","8 667 017","0","3 688 585,73","3 688 585,73"
"2 017","EFOP","Enterprise Operating Fund","0061SDM","Storm Drainage Mgmt Operations","9.99","Department Support","PS","Personnel Services","0","0","882 773,41","882 773,41"
"2 017","GNFD","General Fund","0001OCA","Office of Cultural Affairs GF","9.99","Department Support","PS","Personnel Services","398 003","0","156 058,08","156 058,08"
"2 016","GNFD","General Fund","0001DPD","Police Department GF","1.25","Police Intelligence","QV","Contractual & Other Services","395 042","0","453 569,8","453 569,8"
"2 017","GNFD","General Fund","0001ICT","Mgmt Services - Internal Control Task Force","5.42","Internal Control Task Force","QM","Supplies & Materials","1 500","0","421,51","421,51"
"2 016","GNFD","General Fund","0001OFS","Non-Departmental","5.46","Non-Departmental","QV","Contractual & Other Services","14 679 596","0","15 059 099,91","15 059 099,91"
"2 017","GNFD","General Fund","0001ECO","Economic Development GF","2.4","Small Business Initiatives","PS","Personnel Services","645 707","0","340 149,91","340 149,91"
"2 016","GNFD","General Fund","0001DPD","Police Department GF","1.26","Police Investigation of Vice Related Crimes","QV","Contractual & Other Services","202 584","0","164 095,53","164 095,53"
"2 017","INSV","Internal Service Fund","0198DSV","Information Technology DSV","5.O","Public Safety Technology Support","PS","Personnel Services","2 081 237","0","808 368,37","808 368,37"
"2 017","GNFD","General Fund","0001DFD","Dallas Fire Rescue GF","1.1399999999999999","Inspection and Life Safety Education","RE","Reimbursements","0","0","(218 864,5)","(218 864,5)"
"2 017","GNFD","General Fund","0001ECO","Economic Development GF","2.0099999999999998","Area Redevelopment","QV","Contractual & Other Services","252 378","0","14 840,05","14 840,05"
"2 017","GNFD","General Fund","0001DFD","Dallas Fire Rescue GF","9.99","Department Support","PS","Personnel Services","3 820 743","0","1 165 242,45","1 165 242,45"
"2 017","GNFD","General Fund","0001DPD","Police Department GF","1.21","Police Administrative Support","RE","Reimbursements","(325 051)","0","(68 316,22)","(68 316,22)"
"2 017","INSV","Internal Service Fund","0196EBS","Equipment Services EBS","9.99","Department Support","PS","Personnel Services","1 652 299","0","794 996,53","794 996,53"
"2 017","GNFD","General Fund","0001STS","Street Services GF","2.0499999999999998","Capital and Implementation Program","RE","Reimbursements","(5 556 811)","0","(445 831,6)","(445 831,6)"
"2 016","GNFD","General Fund","0001OCA","Office of Cultural Affairs GF","4.03","Cultural Services Contracts","QV","Contractual & Other Services","5 254 730","0","5 438 437,1","5 438 437,1"
"2 017","GNFD","General Fund","0001OEQ","Mgmt Services - Environmental Quaity","3.01","Air Quality Compliance","PS","Personnel Services","660 902","0","294 663,4","294 663,4"
"2 017","GNFD","General Fund","0001PKR","Park and Recreation GF","4.04","Golf and Tennis Centers","RC","Capital Outlay","0","0","38 337,6","38 337,6"
"2 017","GNFD","General Fund","0001BMS","Office of Financial Services GF","5.19","Citywide Capital and Operating Budget Dev and Monitoring","QV","Contractual & Other Services","320 223","0","244 606,6","244 606,6"
"2 017","GNFD","General Fund","0001PKR","Park and Recreation GF","4.04","Golf and Tennis Centers","PS","Personnel Services","3 008 137","0","1 395 358,35","1 395 358,35"
"2 017","GNFD","General Fund","0001STS","Street Services GF","2.4700000000000002","Traffic Operations Maintenance","PS","Personnel Services","4 033 088","0","1 621 416,68","1 621 416,68"
"2 017","GNFD","General Fund","0001OCA","Office of Cultural Affairs GF","4.03","Cultural Services Contracts","PS","Personnel Services","423 799","0","177 374,62","177 374,62"
"2 017","GNFD","General Fund","0001STS","Street Services GF","2.39","Service Maintenance Areas","RE","Reimbursements","(3 000 975)","0","(3 008,88)","(3 008,88)"
"2 017","EFOP","Enterprise Operating Fund","0150DEV","Sustainable Dev and Construction - Enterprise","2.15","Engineering & Inspection Review for Private Development","PS","Personnel Services","2 516 815","0","1 140 506,84","1 140 506,84"
"2 017","EFOP","Enterprise Operating Fund","0150DEV","Sustainable Dev and Construction - Enterprise","2.2200000000000002","GIS Mapping for Private Development","PS","Personnel Services","779 880","0","270 516,98","270 516,98"
"2 017","EFOP","Enterprise Operating Fund","0150DEV","Sustainable Dev and Construction - Enterprise","9.99","Department Support","QV","Contractual & Other Services","0","0","142 133,6","142 133,6"
"2 017","GNFD","General Fund","0001LIB","Library GF","4.08","Literacy Initiatives, Education & Community Engagement","PS","Personnel Services","750 161","0","373 102,01","373 102,01"
"2 017","GNFD","General Fund","0001PER","Human Resources GF","5.21","Compensation Analysis / Classification","QV","Contractual & Other Services","145 024","0","12 722,53","12 722,53"
"2 017","GNFD","General Fund","0001STS","Street Services GF","2.4700000000000002","Traffic Operations Maintenance","RE","Reimbursements","(784 449)","0","(250 526,44)","(250 526,44)"
"2 017","GNFD","General Fund","0001PKR","Park and Recreation GF","4.05","Leisure Venue Management","QV","Contractual & Other Services","17 232 471","0","11 525 877,65","11 525 877,65"
"2 017","OTHO","Other Operating Fund","0286PER","Wellness Program Fund","5.R","Wellness Program","TR","Transfers Out","14 058","0","0","0"
"2 017","GNFD","General Fund","0001STS","Street Services GF","2.41","Street Cut and Right-of-Way Management (Cut Control)","QM","Supplies & Materials","14 028","0","3 661,77","3 661,77"
"2 017","INSV","Internal Service Fund","0198DSV","Information Technology DSV","5.Q","Strategic Technology Management","RE","Reimbursements","(2 457 625)","0","(832 358,51)","(832 358,51)"
"2 017","GNFD","General Fund","0001DPD","Police Department GF","1.24","Police Field Patrol","RE","Reimbursements","(350 000)","0","(9 068,27)","(9 068,27)"
"2 017","GNFD","General Fund","0001DPD","Police Department GF","1.23","Police Criminal Investigations","RE","Reimbursements","(236 000)","0","(118 384,3)","(118 384,3)"
"2 017","GNFD","General Fund","0001STS","Street Services GF","2.48","Traffic Safety and Congestion Management","RE","Reimbursements","(40 500)","0","(15 313,06)","(15 313,06)"
"2 017","GNFD","General Fund","0001BAC","Mgmt Services - Boards and Commissions","5.09","Boards and Commissions Liaison","PS","Personnel Services","74 200","0","36 440,36","36 440,36"
"2 017","GNFD","General Fund","0001STS","Street Services GF","2.4300000000000002","Street Repair Division - Asphalt","RC","Capital Outlay","0","0","42 030","42 030"
"2 017","GNFD","General Fund","0001ICT","Mgmt Services - Internal Control Task Force","5.42","Internal Control Task Force","PS","Personnel Services","342 929","0","160 658,06","160 658,06"
"2 016","GNFD","General Fund","0001CCO","City Controller's Office GF","5.24","Deferred Compensation","QV","Contractual & Other Services","56 850","0","29 862,67","29 862,67"
"2 017","GNFD","General Fund","0001CCO","City Controller's Office GF","5.32","Financial Reporting","PS","Personnel Services","2 021 051","0","764 549,12","764 549,12"
"2 017","GNFD","General Fund","0001SEC","City Secretary's Office GF","5.16","City Council Support","PS","Personnel Services","567 028","0","243 108,8","243 108,8"
"2 017","GNFD","General Fund","0001PKR","Park and Recreation GF","4.09","Park Land Maintained","PS","Personnel Services","17 613 205","0","8 930 647,25","8 930 647,25"
"2 017","GNFD","General Fund","0001SEC","City Secretary's Office GF","5.5","Records Management","QM","Supplies & Materials","1 200","0","562,63","562,63"
"2 017","GNFD","General Fund","0001HOU","Housing GF","2.2400000000000002","Home Ownership/Development","RE","Reimbursements","(633 619)","0","(35 432,91)","(35 432,91)"
"2 017","GNFD","General Fund","0001PER","Human Resources GF","5.21","Compensation Analysis / Classification","QM","Supplies & Materials","1 231","0","290,63","290,63"
"2 016","GNFD","General Fund","0001AUD","City Auditor's Office GF","5.08","Audits, Attestations and Investigations","QV","Contractual & Other Services","197 232","0","175 566,45","175 566,45"
"2 017","EFOP","Enterprise Operating Fund","0080CCT","Convention Center CCT","2.09","Convention Center Debt Service Payment","TR","Transfers Out","22 524 413","0","12 600 000","12 600 000"
"2 017","GNFD","General Fund","0001DPD","Police Department GF","1.25","Police Intelligence","RE","Reimbursements","(86 500)","0","(77 455,64)","(77 455,64)"
"2 017","GNFD","General Fund","0001LIB","Library GF","4.0599999999999996","Library Materials & Collection Management","PS","Personnel Services","1 153 420","0","508 178,47","508 178,47"
"2 017","GNFD","General Fund","0001PKR","Park and Recreation GF","4.0999999999999996","Planning, Design, Construction & EMS and Environ Compliance","PS","Personnel Services","2 674 331","0","1 321 500,86","1 321 500,86"
"2 017","GNFD","General Fund","0001DPD","Police Department GF","1.2","Police Academy and In-service Training","PS","Personnel Services","20 444 087","0","6 656 862,65","6 656 862,65"
"2 017","GNFD","General Fund","0001CVS","Civil Service GF","5.05","Applicant Processing - Civilian","PS","Personnel Services","730 752","0","344 853,72","344 853,72"
"2 017","GNFD","General Fund","0001DEV","Sustainable Dev and Construction GF","2.35","Real Estate and Relocation","PS","Personnel Services","2 218 916","0","1 131 470,41","1 131 470,41"
"2 017","GNFD","General Fund","0001OCA","Office of Cultural Affairs GF","4.1100000000000003","Public Art for Dallas","PS","Personnel Services","287 008","0","140 331,2","140 331,2"
"2 016","EFOP","Enterprise Operating Fund","0080CCT","Convention Center CCT","2.29","Office of Special Events","QV","Contractual & Other Services","35 684","0","21 093,13","21 093,13"
"2 017","GNFD","General Fund","0001PNV","Planning and Urban Design GF","9.99","Department Support","QV","Contractual & Other Services","30 620","0","24 680,81","24 680,81"
"2 017","GNFD","General Fund","0001SEC","City Secretary's Office GF","5.0999999999999996","Boards and Commissions Support","PS","Personnel Services","267 567","0","132 845,5","132 845,5"
"2 017","GNFD","General Fund","0001DPD","Police Department GF","1.26","Police Investigation of Vice Related Crimes","QM","Supplies & Materials","74 154","0","14 234,09","14 234,09"
"2 017","GNFD","General Fund","0001DPD","Police Department GF","1.31","Police Special Operations","PS","Personnel Services","32 823 667","0","15 931 664,12","15 931 664,12"
"2 017","GNFD","General Fund","0001DEV","Sustainable Dev and Construction GF","2.02","Authorized Hearings","PS","Personnel Services","314 815","0","158 439,08","158 439,08"
"2 017","GNFD","General Fund","0001CVS","Civil Service GF","5.04","Analysis/Development and Validation","PS","Personnel Services","590 508","0","221 917,15","221 917,15"
"2 017","GNFD","General Fund","0001OCA","Office of Cultural Affairs GF","4.1100000000000003","Public Art for Dallas","RE","Reimbursements","(208 739)","0","(19 468,98)","(19 468,98)"
"2 017","GNFD","General Fund","0001IGS","Mgmt Services - Intergovernmental Services","5.41","Intergovernmental Services","QM","Supplies & Materials","6 205","0","865,18","865,18"
"2 016","GNFD","General Fund","0001DPD","Police Department GF","1.24","Police Field Patrol","QM","Supplies & Materials","3 844 842","0","3 668 977,54","3 668 977,54"
"2 016","GNFD","General Fund","0001DFD","Dallas Fire Rescue GF","1.1200000000000001","Fire Training and Recruitment","QV","Contractual & Other Services","1 436 597","0","885 166,56","885 166,56"
"2 017","GNFD","General Fund","0001PER","Human Resources GF","5.38","HRIS and HR Payroll Services","QM","Supplies & Materials","7 098","0","1 283,07","1 283,07"
"2 017","GNFD","General Fund","0001HOU","Housing GF","3.08","Community/Senior Services","RE","Reimbursements","(50 000)","0","(9 051,46)","(9 051,46)"
"2 017","GNFD","General Fund","0001FHO","Mgmt Services - Fair Housing","5.31","Fair Housing and Human Rights Compliance","PS","Personnel Services","132 500","0","65 277,52","65 277,52"
"2 017","GNFD","General Fund","0001STS","Street Services GF","2.2599999999999998","Interagency and Transportation Administration","RE","Reimbursements","(772 450)","0","(46 795,31)","(46 795,31)"
"2 017","GNFD","General Fund","0001DPD","Police Department GF","1.26","Police Investigation of Vice Related Crimes","PS","Personnel Services","3 943 181","0","1 845 256,58","1 845 256,58"
"2 017","EFOP","Enterprise Operating Fund","0061SDM","Storm Drainage Mgmt Operations","3.22","Stormwater Regulations & Enforcement","PS","Personnel Services","4 557 065","0","1 947 686,09","1 947 686,09"
"2 017","EFOP","Enterprise Operating Fund","0100DWU","Water Utilities DWU","5.54","Water Planning, Financial and Rate Services","PS","Personnel Services","1 851 821","0","896 500,33","896 500,33"
"2 017","GNFD","General Fund","0001DPD","Police Department GF","1.24","Police Field Patrol","PS","Personnel Services","243 251 881","0","108 416 926,03","108 416 926,03"
"2 016","GNFD","General Fund","0001DFD","Dallas Fire Rescue GF","1.0900000000000001","Fire and Rescue Emergency Response","QV","Contractual & Other Services","2 702 444","0","2 267 735,09","2 267 735,09"
"2 017","GNFD","General Fund","0001CCO","City Controller's Office GF","5.24","Deferred Compensation","PS","Personnel Services","170 993","0","83 110,19","83 110,19"
"2 017","GNFD","General Fund","0001CCS","Code Compliance GF","3.17","Neighborhood Code Compliance Services","RE","Reimbursements","(1 215 858)","0","(308 549,59)","(308 549,59)"
"2 017","EFOP","Enterprise Operating Fund","0100DWU","Water Utilities DWU","5.53","Vital Statistics","PS","Personnel Services","628 700","0","268 210,31","268 210,31"
"2 017","EFOP","Enterprise Operating Fund","0440SAN","Sanitation Operating Fund","3.03","Animal Remains Collection","PS","Personnel Services","464 895","0","228 499,15","228 499,15"
"2 017","GNFD","General Fund","0001BMS","Office of Financial Services GF","5.19","Citywide Capital and Operating Budget Dev and Monitoring","PS","Personnel Services","891 464","0","314 825,2","314 825,2"
"2 016","GNFD","General Fund","0001CRO","Mgmt Services - Resiliency Office","2.37","Resiliency Office","QV","Contractual & Other Services","0","0","272,56","272,56"
"2 017","GNFD","General Fund","0001STS","Street Services GF","2.39","Service Maintenance Areas","PS","Personnel Services","11 230 497","0","4 850 602,98","4 850 602,98"
"2 017","EFOP","Enterprise Operating Fund","0440SAN","Sanitation Operating Fund","3.05","City Facility Services","PS","Personnel Services","92 886","0","46 200,18","46 200,18"
"2 017","GNFD","General Fund","0001CCO","City Controller's Office GF","5.47","Payroll","QM","Supplies & Materials","4 575","0","2 527,47","2 527,47"
"2 016","GNFD","General Fund","0001CCS","Code Compliance GF","3.1","Consumer Health","RC","Capital Outlay","0","0","13 190","13 190"
"2 016","EFOP","Enterprise Operating Fund","0080CCT","Convention Center CCT","2.5","Union Station","QV","Contractual & Other Services","486 364","0","431 191,58","431 191,58"
"2 017","GNFD","General Fund","0001STS","Street Services GF","2.44","Street Repair Division - Concrete","RE","Reimbursements","(1 975 063)","0","0","0"
"2 016","EFOP","Enterprise Operating Fund","0440SAN","Sanitation Operating Fund","3.04","Brush/Bulk Waste Removal Services","PS","Personnel Services","7 046 835","0","7 941 343,26","7 941 343,26"
"2 017","GNFD","General Fund","0001PNV","Planning and Urban Design GF","9.99","Department Support","RE","Reimbursements","(707 829)","0","0","0"
"2 016","GNFD","General Fund","0001DFD","Dallas Fire Rescue GF","1.1399999999999999","Inspection and Life Safety Education","PS","Personnel Services","8 313 679","0","8 208 987,62","8 208 987,62"
"2 017","GNFD","General Fund","0001DEV","Sustainable Dev and Construction GF","2.02","Authorized Hearings","QM","Supplies & Materials","10 351","0","579,7","579,7"
"2 017","GNFD","General Fund","0001MCC","Mayor and City Council GF","5.03","Administrative Support for the Mayor and City Council","PS","Personnel Services","3 742 861","0","1 967 299,67","1 967 299,67"
"2 017","GNFD","General Fund","0001EBS","Building Services GF","9.99","Department Support","QM","Supplies & Materials","800","0","21,47","21,47"
"2 016","EFOP","Enterprise Operating Fund","0150DEV","Sustainable Dev and Construction - Enterprise","9.99","Department Support","RE","Reimbursements","(360 880)","0","(147 702)","(147 702)"
"2 017","GNFD","General Fund","0001PKR","Park and Recreation GF","9.99","Department Support","PS","Personnel Services","2 780 538","0","1 657 797,51","1 657 797,51"
"2 017","GNFD","General Fund","0001CCO","City Controller's Office GF","5.47","Payroll","PS","Personnel Services","560 605","0","203 069,08","203 069,08"
"2 017","GNFD","General Fund","0001PER","Human Resources GF","9.99","Department Support","PS","Personnel Services","459 243","0","217 296,64","217 296,64"
"2 017","GNFD","General Fund","0001HOU","Housing GF","2.2400000000000002","Home Ownership/Development","PS","Personnel Services","1 942 703","0","930 741,73","930 741,73"
"2 017","GNFD","General Fund","0001ECO","Economic Development GF","2.13","Economic Development Major Projects & Other Programs","PS","Personnel Services","402 888","0","130 497,15","130 497,15"
"2 017","GNFD","General Fund","0001CVS","Civil Service GF","5.0599999999999996","Applicant Processing - Uniform","PS","Personnel Services","631 056","0","242 780,92","242 780,92"
"2 017","EFOP","Enterprise Operating Fund","0150DEV","Sustainable Dev and Construction - Enterprise","9.99","Department Support","PS","Personnel Services","371 449","0","128 333,84","128 333,84"
"2 017","GNFD","General Fund","0001ATT","City Attorney's Office GF","1.19","Municipal Prosecution","PS","Personnel Services","1 735 468","0","826 210,75","826 210,75"
"2 016","GNFD","General Fund","0001DPD","Police Department GF","1.27","Police Investigations of Narcotics Related Crimes","QV","Contractual & Other Services","665 087","0","497 746,84","497 746,84"
"2 017","GNFD","General Fund","0001PKR","Park and Recreation GF","2.2999999999999998","Operation & Maintenance of Fair Park","PS","Personnel Services","711 846","0","1 636 062,59","1 636 062,59"
"2 017","GNFD","General Fund","0001EBS","Building Services GF","3.11","Custodial Maintenance","RE","Reimbursements","(102 829)","0","(61 302,1)","(61 302,1)"
"2 017","GNFD","General Fund","0001PKR","Park and Recreation GF","4.0999999999999996","Planning, Design, Construction & EMS and Environ Compliance","QV","Contractual & Other Services","241 554","0","34 351,7","34 351,7"
"2 017","GNFD","General Fund","0001POM","Business Development & Procurement GF","2.5099999999999998","Vendor Development","PS","Personnel Services","203 031","0","70 549,38","70 549,38"
"2 017","GNFD","General Fund","0001ECO","Economic Development GF","2.14","Economic Development Research and Information Services","PS","Personnel Services","444 486","0","219 790,69","219 790,69"
"2 017","GNFD","General Fund","0001STL","Street Lighting","2.42","Street Lighting","PS","Personnel Services","300 892","0","120 478,35","120 478,35"
"2 017","INSV","Internal Service Fund","0199POM","Express Business Center POM","5.B","Business Services","RE","Reimbursements","(1 200 000)","0","(670 114,72)","(670 114,72)"
"2 017","GNFD","General Fund","0001ELE","Elections","5.27","Elections","PS","Personnel Services","91 463","0","44 179,8","44 179,8"
"2 017","GNFD","General Fund","0001CTS","Court and Detention Services GF","1.06","Dallas City Marshal","PS","Personnel Services","2 572 337","0","1 254 902,76","1 254 902,76"
"2 017","GNFD","General Fund","0001DFD","Dallas Fire Rescue GF","1.08","EMS Administration, Contracts, and Community Health","PS","Personnel Services","11 619 092","0","4 993 819,98","4 993 819,98"
"2 017","GNFD","General Fund","0001BMS","Office of Financial Services GF","5.36","Grant Administration","PS","Personnel Services","1 178 228","0","530 738,4","530 738,4"
"2 017","GNFD","General Fund","0001DPD","Police Department GF","1.21","Police Administrative Support","PS","Personnel Services","6 942 791","0","3 174 002,57","3 174 002,57"
"2 017","GNFD","General Fund","0001BMS","Office of Financial Services GF","5.52","Utility Management","QV","Contractual & Other Services","207 661","0","43 885,03","43 885,03"
"2 017","GNFD","General Fund","0001ATT","City Attorney's Office GF","3.06","Code Litigation","PS","Personnel Services","918 783","0","301 116,37","301 116,37"
"2 017","GNFD","General Fund","0001SEC","City Secretary's Office GF","5.23","Customer Service","QV","Contractual & Other Services","34 366","0","1 173,6","1 173,6"
"2 017","GNFD","General Fund","0001STS","Street Services GF","2.44","Street Repair Division - Concrete","TR","Transfers Out","11 700 890","0","6 825 519,15","6 825 519,15"
"2 017","GNFD","General Fund","0001PKR","Park and Recreation GF","4.12","Recreation Services","RE","Reimbursements","(825 000)","0","(35 930,01)","(35 930,01)"
"2 017","GNFD","General Fund","0001OEQ","Mgmt Services - Environmental Quaity","3.14","Environmental Quality","QM","Supplies & Materials","71 667","0","13 127,7","13 127,7"
"2 017","INSV","Internal Service Fund","0196EBS","Equipment Services EBS","5.E","City Fleet Maintenance and Repair Services","PS","Personnel Services","12 983 543","0","5 877 514,1","5 877 514,1"
"2 016","GNFD","General Fund","0001DEV","Sustainable Dev and Construction GF","2.35","Real Estate and Relocation","QV","Contractual & Other Services","153 511","0","207 605,3","207 605,3"
"2 017","GNFD","General Fund","0001DEV","Sustainable Dev and Construction GF","2.35","Real Estate and Relocation","RE","Reimbursements","(2 163 874)","0","(565 883,83)","(565 883,83)"
"2 016","GNFD","General Fund","0001CCS","Code Compliance GF","3.12","Dallas Animal Services","QV","Contractual & Other Services","2 040 349","0","2 952 721,84","2 952 721,84"
"2 017","EFOP","Enterprise Operating Fund","0150DEV","Sustainable Dev and Construction - Enterprise","2.34","Private Development Survey","QV","Contractual & Other Services","98 566","0","2 610,79","2 610,79"
"2 017","EFOP","Enterprise Operating Fund","0130AVI","Airport Operations AVI","2.12","Dallas Love Field","PS","Personnel Services","15 260 267","0","6 913 899,13","6 913 899,13"
"2 017","EFOP","Enterprise Operating Fund","0440SAN","Sanitation Operating Fund","3.05","City Facility Services","QM","Supplies & Materials","5 625","0","6 050,61","6 050,61"
"2 017","GNFD","General Fund","0001DFD","Dallas Fire Rescue GF","2.1800000000000002","Fire Inspection for New Construction","QM","Supplies & Materials","20 363","0","5 584,69","5 584,69"
"2 016","GNFD","General Fund","0001OCA","Office of Cultural Affairs GF","9.99","Department Support","QV","Contractual & Other Services","337 757","0","7 091,84","7 091,84"
"2 016","GNFD","General Fund","0001CCO","City Controller's Office GF","5.0199999999999996","Accounts Payable","QV","Contractual & Other Services","102 720","0","38 762,69","38 762,69"
"2 017","GNFD","General Fund","0001ECO","Economic Development GF","2.11","Dallas Film Commission","PS","Personnel Services","277 789","0","79 909,28","79 909,28"
"2 017","GNFD","General Fund","0001OEM","Mgmt Services - Emergency Management","1.07","Emergency Management Operations","RE","Reimbursements","(505 000)","0","(102 019,28)","(102 019,28)"
"2 017","GNFD","General Fund","0001CVS","Civil Service GF","5.04","Analysis/Development and Validation","QM","Supplies & Materials","56 400","0","16 669,14","16 669,14"
"2 017","GNFD","General Fund","0001PNV","Planning and Urban Design GF","9.99","Department Support","PS","Personnel Services","659 104","0","322 122,01","322 122,01"
"2 016","GNFD","General Fund","0001ECO","Economic Development GF","9.99","Department Support","QV","Contractual & Other Services","0","0","17 186,05","17 186,05"
"2 017","EFOP","Enterprise Operating Fund","0440SAN","Sanitation Operating Fund","3.16","Landfill Services","PS","Personnel Services","6 074 277","0","2 610 279,91","2 610 279,91"
"2 016","GNFD","General Fund","0001CCO","City Controller's Office GF","9.99","Department Support","QM","Supplies & Materials","0","0","8,05","8,05"
"2 017","GNFD","General Fund","0001CTJ","Judiciary GF","1.04","Community Court","QV","Contractual & Other Services","550","0","0","0"
"2 017","GNFD","General Fund","0001OFS","Non-Departmental","5.46","Non-Departmental","TR","Transfers Out","65 000","0","0","0"
"2 016","OTHO","Other Operating Fund","0278PER","Employee Benefits Administration","5.J","HR Benefits Administration Services","TR","Transfers Out","60 009","0","30 071,32","30 071,32"
"2 016","GNFD","General Fund","0001DPD","Police Department GF","1.24","Police Field Patrol","RC","Capital Outlay","0","0","26 110,57","26 110,57"
"2 016","EFOP","Enterprise Operating Fund","0100DWU","Water Utilities DWU","5.54","Water Planning, Financial and Rate Services","TR","Transfers Out","111 524","0","99 160,31","99 160,31"
"2 017","OTHO","Other Operating Fund","0195ORM","Office of Risk Management","5.P","Risk Management Services","RE","Reimbursements","(374 790)","0","0","0"
"2 017","EFOP","Enterprise Operating Fund","0100DWU","Water Utilities DWU","3.24","Wastewater Collection","RC","Capital Outlay","703 000","0","0","0"
"2 017","INSV","Internal Service Fund","0196EBS","Equipment Services EBS","9.99","Department Support","RE","Reimbursements","(1 720 320)","0","0","0"
"2 016","EFOP","Enterprise Operating Fund","0100DWU","Water Utilities DWU","2.54","Water Utilities Capital Program Management","TR","Transfers Out","682 010","0","633 100,46","633 100,46"
"2 016","EFOP","Enterprise Operating Fund","0100DWU","Water Utilities DWU","3.25","Wastewater Treatment","TR","Transfers Out","1 192 445","0","1 175 431,09","1 175 431,09"
"2 016","EFOP","Enterprise Operating Fund","0100DWU","Water Utilities DWU","3.24","Wastewater Collection","TR","Transfers Out","905 057","0","875 661,84","875 661,84"
"2 016","EFOP","Enterprise Operating Fund","0100DWU","Water Utilities DWU","5.55","Water Utilities Customer Account Services","TR","Transfers Out","1 195 446","0","1 102 967,78","1 102 967,78"
"2 016","EFOP","Enterprise Operating Fund","0100DWU","Water Utilities DWU","3.26","Water Conservation","TR","Transfers Out","55 762","0","49 580,16","49 580,16"
"2 016","EFOP","Enterprise Operating Fund","0140OCA","Municipal Radio OCA","4.13","WRR Municipal Radio Classical Music","TR","Transfers Out","84 936","0","71 724","71 724"
"2 016","INSV","Internal Service Fund","0196EBS","Equipment Services EBS","5.E","City Fleet Maintenance and Repair Services","RC","Capital Outlay","54 990","0","79 002","79 002"
"2 016","GNFD","General Fund","0001OFS","Non-Departmental","5.46","Non-Departmental","QM","Supplies & Materials","50 000","0","6,08","6,08"
"2 016","EFOP","Enterprise Operating Fund","0100DWU","Water Utilities DWU","2.5299999999999998","Water Production and Delivery","TR","Transfers Out","2 381 453","0","2 329 504,57","2 329 504,57"
"2 016","GNFD","General Fund","0001SEC","City Secretary's Office GF","5.07","Archives","QM","Supplies & Materials","1 150","0","729,31","729,31"
"2 016","GNFD","General Fund","0001STS","Street Services GF","2.4300000000000002","Street Repair Division - Asphalt","RE","Reimbursements","0","0","(370,75)","(370,75)"
"2 016","EFOP","Enterprise Operating Fund","0100DWU","Water Utilities DWU","5.53","Vital Statistics","TR","Transfers Out","0","0","59 877,58","59 877,58"
"2 016","EFOP","Enterprise Operating Fund","0130AVI","Airport Operations AVI","2.12","Dallas Love Field","TR","Transfers Out","841 970","0","818 417,31","818 417,31"
"2 016","GNFD","General Fund","0001OCA","Office of Cultural Affairs GF","4.03","Cultural Services Contracts","RE","Reimbursements","0","0","(36 375)","(36 375)"
"2 016","EFOP","Enterprise Operating Fund","0150DEV","Sustainable Dev and Construction - Enterprise","2.08","Construction Plan Review and Permitting","TR","Transfers Out","1 241 211","0","1 228 509,75","1 228 509,75"
"2 016","EFOP","Enterprise Operating Fund","0440SAN","Sanitation Operating Fund","3.03","Animal Remains Collection","TR","Transfers Out","28 488","0","28 029,95","28 029,95"
"2 016","EFOP","Enterprise Operating Fund","0100DWU","Water Utilities DWU","5.18","City GIS Services","TR","Transfers Out","0","0","62 547,27","62 547,27"
"2 016","INSV","Internal Service Fund","0198DSV","Information Technology DSV","5.C","Business Technology Services","TR","Transfers Out","305 843","0","296 430,29","296 430,29"
"2 016","EFOP","Enterprise Operating Fund","0100DWU","Water Utilities DWU","2.54","Water Utilities Capital Program Management","RE","Reimbursements","0","0","(218 950)","(218 950)"
"2 016","INSV","Internal Service Fund","0198DSV","Information Technology DSV","5.Q","Strategic Technology Management","TR","Transfers Out","5 320 781","0","363 287,35","363 287,35"
"2 016","INSV","Internal Service Fund","0196EBS","Equipment Services EBS","5.E","City Fleet Maintenance and Repair Services","TR","Transfers Out","807 932","0","815 109,89","815 109,89"
"2 016","GNFD","General Fund","0001POM","Business Development & Procurement GF","2.5099999999999998","Vendor Development","QM","Supplies & Materials","225","0","1 660","1 660"
"2 016","INSV","Internal Service Fund","0196EBS","Equipment Services EBS","5.F","City Fleet Paint and Body Shop Coordination","TR","Transfers Out","1 683","0","1 697,95","1 697,95"
"2 016","INSV","Internal Service Fund","0196EBS","Equipment Services EBS","5.I","Fuel Procurement and Management","TR","Transfers Out","270 164","0","36 324,88","36 324,88"
"2 016","INSV","Internal Service Fund","0198DSV","Information Technology DSV","5.O","Public Safety Technology Support","TR","Transfers Out","108 329","0","104 995,04","104 995,04"
"2 016","INSV","Internal Service Fund","0196EBS","Equipment Services EBS","9.99","Department Support","TR","Transfers Out","88 720","0","89 508,22","89 508,22"
"2 016","GNFD","General Fund","0001SEC","City Secretary's Office GF","5.5","Records Management","QM","Supplies & Materials","1 201","0","826,91","826,91"
"2 016","EFOP","Enterprise Operating Fund","0130AVI","Airport Operations AVI","2.06","Capital Construction and Debt Service","QV","Contractual & Other Services","2 167 969","0","1 758 840,19","1 758 840,19"
"2 016","OTHO","Other Operating Fund","0191DSV","9-1-1 System Operations","5.A","9-1-1 Technology/Education Services","QM","Supplies & Materials","218 701","0","41 607","41 607"
"2 016","INSV","Internal Service Fund","0198DSV","Information Technology DSV","5.N","Internal Telephone and Data Communication","TR","Transfers Out","34 387","0","33 328,7","33 328,7"
"2 016","INSV","Internal Service Fund","0196EBS","Equipment Services EBS","5.D","City Fleet Asset Management","TR","Transfers Out","355 620","0","65 649,11","65 649,11"
"2 016","INSV","Internal Service Fund","0196EBS","Equipment Services EBS","5.H","Environmental Services for City Fleet Operations","TR","Transfers Out","25 989","0","26 219,89","26 219,89"
"2 016","GNFD","General Fund","0001CTS","Court and Detention Services GF","1.17","Municipal Court Services","RC","Capital Outlay","0","0","35 643","35 643"
"2 016","OTHO","Other Operating Fund","0286PER","Wellness Program Fund","5.R","Wellness Program","TR","Transfers Out","0","0","13 770,35","13 770,35"
"2 016","GNFD","General Fund","0001DPD","Police Department GF","1.23","Police Criminal Investigations","TR","Transfers Out","158 337","0","0","0"
"2 016","OTHO","Other Operating Fund","0195ORM","Office of Risk Management","5.P","Risk Management Services","TR","Transfers Out","129 251","0","126 532,23","126 532,23"
"2 016","GNFD","General Fund","0001PKR","Park and Recreation GF","9.99","Department Support","QM","Supplies & Materials","0","0","4 072,58","4 072,58"
"2 016","INSV","Internal Service Fund","0198DSV","Information Technology DSV","5.L","Internal Desktop Support","TR","Transfers Out","205 010","0","204 855,81","204 855,81"
"2 016","INSV","Internal Service Fund","0197DSV","Radio Services DSV","5.M","Internal Radio Communication","TR","Transfers Out","147 540","0","135 047,6","135 047,6"
"2 016","OTHO","Other Operating Fund","0191DSV","9-1-1 System Operations","5.A","9-1-1 Technology/Education Services","TR","Transfers Out","5 489","0","6 078,4","6 078,4"
"2 016","GNFD","General Fund","0001POM","Business Development & Procurement GF","5.1100000000000003","Business Inclusion & Development Compliance Monitoring","QM","Supplies & Materials","32 542","0","31 370,5","31 370,5"
"2 016","GNFD","General Fund","0001PKR","Park and Recreation GF","4.09","Park Land Maintained","RC","Capital Outlay","300 000","0","613 600,03","613 600,03"
"2 016","EFOP","Enterprise Operating Fund","0150DEV","Sustainable Dev and Construction - Enterprise","2.15","Engineering & Inspection Review for Private Development","WB","Debt Svc-Interest On Bonds","0","0","4 442,1","4 442,1"
"2 016","EFOP","Enterprise Operating Fund","0130AVI","Airport Operations AVI","2.12","Dallas Love Field","WB","Debt Svc-Interest On Bonds","0","0","8 119,3","8 119,3"
"2 016","EFOP","Enterprise Operating Fund","0130AVI","Airport Operations AVI","2.12","Dallas Love Field","WA","Debt Svc-Principal","280 207","0","261 069,86","261 069,86"
"2 016","GNFD","General Fund","0001OCA","Office of Cultural Affairs GF","9.99","Department Support","QM","Supplies & Materials","0","0","99,08","99,08"
"2 016","GNFD","General Fund","0001PBW","Public Works GF","9.99","Department Support","RE","Reimbursements","(1 190 494)","0","(1 128 824,09)","(1 128 824,09)"
"2 016","GNFD","General Fund","0001SEC","City Secretary's Office GF","5.23","Customer Service","QM","Supplies & Materials","2 181","0","1 098,22","1 098,22"
"2 016","GNFD","General Fund","0001BMS","Office of Financial Services GF","5.36","Grant Administration","QM","Supplies & Materials","17 520","0","5 348,42","5 348,42"
"2 016","EFOP","Enterprise Operating Fund","0130AVI","Airport Operations AVI","2.06","Capital Construction and Debt Service","QM","Supplies & Materials","0","0","5 278,72","5 278,72"
"2 016","GNFD","General Fund","0001ATT","City Attorney's Office GF","5.45","Litigation","RE","Reimbursements","(93 701)","0","(114 346,43)","(114 346,43)"
"2 016","GNFD","General Fund","0001HOU","Housing GF","2.2400000000000002","Home Ownership/Development","QM","Supplies & Materials","7 105","0","682,38","682,38"
"2 016","EFOP","Enterprise Operating Fund","0080CCT","Convention Center CCT","2.1","Dallas Convention Center","WA","Debt Svc-Principal","1 981 003","0","1 981 003,02","1 981 003,02"
"2 016","GNFD","General Fund","0001DFD","Dallas Fire Rescue GF","1.1100000000000001","Fire Investigation & Explosive Ordnance Disposal","RE","Reimbursements","0","0","(1 039,4)","(1 039,4)"
"2 016","GNFD","General Fund","0001OCA","Office of Cultural Affairs GF","4.0199999999999996","City-Owned Cultural Venues","WA","Debt Svc-Principal","0","0","598 303,48","598 303,48"
"2 016","GNFD","General Fund","0001CCO","City Controller's Office GF","5.24","Deferred Compensation","RE","Reimbursements","(105 300)","0","(86 733,6)","(86 733,6)"
"2 016","GNFD","General Fund","0001OCA","Office of Cultural Affairs GF","4.0199999999999996","City-Owned Cultural Venues","WB","Debt Svc-Interest On Bonds","0","0","64 407,52","64 407,52"
"2 016","GNFD","General Fund","0001DEV","Sustainable Dev and Construction GF","2.02","Authorized Hearings","QV","Contractual & Other Services","36 256","0","5 169,75","5 169,75"
"2 016","GNFD","General Fund","0001PNV","Planning and Urban Design GF","2.2799999999999998","Neighborhood Vitality","TR","Transfers Out","0","0","100 000","100 000"
"2 016","EFOP","Enterprise Operating Fund","0080CCT","Convention Center CCT","2.09","Convention Center Debt Service Payment","TR","Transfers Out","21 583 800","0","21 583 800","21 583 800"
"2 016","EFOP","Enterprise Operating Fund","0080CCT","Convention Center CCT","2.1","Dallas Convention Center","WB","Debt Svc-Interest On Bonds","23 456","0","23 455,82","23 455,82"
"2 016","EFOP","Enterprise Operating Fund","0100DWU","Water Utilities DWU","5.26","DWU General Expense","TR","Transfers Out","22 594 000","0","22 593 195","22 593 195"
"2 016","INSV","Internal Service Fund","0196EBS","Equipment Services EBS","1.32","Security Service for City Facilities","QV","Contractual & Other Services","0","0","0","0"
"2 016","EFOP","Enterprise Operating Fund","0100DWU","Water Utilities DWU","5.55","Water Utilities Customer Account Services","RC","Capital Outlay","200 000","0","0","0"
"2 016","GNFD","General Fund","0001CTJ","Judiciary GF","1.05","Court Security","RE","Reimbursements","(292 100)","0","(292 100)","(292 100)"
"2 016","EFOP","Enterprise Operating Fund","0080CCT","Convention Center CCT","2.1","Dallas Convention Center","RE","Reimbursements","0","0","(168 386,6)","(168 386,6)"
"2 016","GNFD","General Fund","0001CCO","City Controller's Office GF","5.12","Cash and Debt Management","QM","Supplies & Materials","0","0","5,6","5,6"
"2 016","GNFD","General Fund","0001CCO","City Controller's Office GF","5.0199999999999996","Accounts Payable","RE","Reimbursements","0","0","(1 800)","(1 800)"
"2 016","INSV","Internal Service Fund","0198DSV","Information Technology DSV","5.O","Public Safety Technology Support","QM","Supplies & Materials","80 000","0","8 712,11","8 712,11"
"2 016","GNFD","General Fund","0001EBS","Building Services GF","5.29","Energy Procurement and Monitoring","RE","Reimbursements","(159 493)","0","(458 298,88)","(458 298,88)"
"2 016","GNFD","General Fund","0001ATT","City Attorney's Office GF","3.06","Code Litigation","QM","Supplies & Materials","18 026","0","2 775,71","2 775,71"
"2 016","GNFD","General Fund","0001CSC","Mgmt Services - 311 Customer Service Center","5.01","311 Customer Service Center","RE","Reimbursements","(4 129 653)","0","(4 129 529,31)","(4 129 529,31)"
"2 016","GNFD","General Fund","0001PER","Human Resources GF","5.21","Compensation Analysis / Classification","QM","Supplies & Materials","1 230","0","836,75","836,75"
"2 016","GNFD","General Fund","0001DPD","Police Department GF","1.26","Police Investigation of Vice Related Crimes","RE","Reimbursements","(26 000)","0","(76 111,22)","(76 111,22)"
"2 016","GNFD","General Fund","0001ELE","Elections","5.27","Elections","QM","Supplies & Materials","5 007","0","1 976,38","1 976,38"
"2 016","GNFD","General Fund","0001OFS","Non-Departmental","2.46","Tax Increment Financing Districts Payments","QV","Contractual & Other Services","26 182 783","0","26 017 572,16","26 017 572,16"
"2 016","INSV","Internal Service Fund","0197DSV","Radio Services DSV","5.M","Internal Radio Communication","PS","Personnel Services","2 290 981","0","2 081 340,69","2 081 340,69"
"2 016","EFOP","Enterprise Operating Fund","0440SAN","Sanitation Operating Fund","3.19","Recycling Collection and Waste Diversion","RE","Reimbursements","0","0","(139 221,25)","(139 221,25)"
"2 016","GNFD","General Fund","0001DPD","Police Department GF","1.1499999999999999","Juvenile Case Managers/First Offender Program","PS","Personnel Services","489 854","0","416 645,71","416 645,71"
"2 016","GNFD","General Fund","0001CTJ","Judiciary GF","1.05","Court Security","QM","Supplies & Materials","6 900","0","1 238,04","1 238,04"
"2 016","GNFD","General Fund","0001PKR","Park and Recreation GF","4.05","Leisure Venue Management","PS","Personnel Services","205 767","0","182 882,6","182 882,6"
"2 016","GNFD","General Fund","0001ATT","City Attorney's Office GF","1.28","Police Legal Liaison","PS","Personnel Services","531 484","0","545 797,37","545 797,37"
"2 016","GNFD","General Fund","0001EMS","Mgmt Services - EMS Compliance","5.28","EMS Compliance Program","PS","Personnel Services","377 560","0","382 822,9","382 822,9"
"2 016","EFOP","Enterprise Operating Fund","0150DEV","Sustainable Dev and Construction - Enterprise","2.2200000000000002","GIS Mapping for Private Development","QM","Supplies & Materials","4 675","0","3 375,45","3 375,45"
"2 016","EFOP","Enterprise Operating Fund","0150DEV","Sustainable Dev and Construction - Enterprise","9.99","Department Support","QM","Supplies & Materials","2 450","0","2 638,02","2 638,02"
"2 016","GNFD","General Fund","0001DFD","Dallas Fire Rescue GF","1.1299999999999999","Fire-Rescue Equipment Maintenance and Supply","PS","Personnel Services","3 974 736","0","4 084 118,58","4 084 118,58"
"2 016","GNFD","General Fund","0001OCA","Office of Cultural Affairs GF","4.03","Cultural Services Contracts","PS","Personnel Services","320 706","0","317 911,55","317 911,55"
"2 016","GNFD","General Fund","0001EBS","Building Services GF","3.11","Custodial Maintenance","RE","Reimbursements","(102 829)","0","(148 682,25)","(148 682,25)"
"2 016","GNFD","General Fund","0001ATT","City Attorney's Office GF","1.19","Municipal Prosecution","QM","Supplies & Materials","16 064","0","9 493,73","9 493,73"
"2 016","GNFD","General Fund","0001PER","Human Resources GF","5.21","Compensation Analysis / Classification","PS","Personnel Services","358 580","0","279 302,21","279 302,21"
"2 016","GNFD","General Fund","0001AGE","Mgmt Services - Council Agenda","5.15","City Agenda Process","PS","Personnel Services","194 162","0","187 211,42","187 211,42"
"2 016","GNFD","General Fund","0001CVS","Civil Service GF","5.0599999999999996","Applicant Processing - Uniform","QM","Supplies & Materials","3 800","0","5 091,99","5 091,99"
"2 016","GNFD","General Fund","0001BMS","Office of Financial Services GF","9.99","Department Support","QM","Supplies & Materials","0","0","2 310,17","2 310,17"
"2 016","GNFD","General Fund","0001CTJ","Judiciary GF","1.05","Court Security","QV","Contractual & Other Services","2 095","0","120","120"
"2 016","GNFD","General Fund","0001PBW","Public Works GF","2.31","Pavement Management","PS","Personnel Services","226 541","0","227 083,14","227 083,14"
"2 016","GNFD","General Fund","0001PKR","Park and Recreation GF","4.01","Aquatic Services","PS","Personnel Services","1 899 127","0","1 745 917,38","1 745 917,38"
"2 016","EFOP","Enterprise Operating Fund","0150DEV","Sustainable Dev and Construction - Enterprise","2.5499999999999998","Zoning & Board of Adjustment","RE","Reimbursements","(86 388)","0","(78 585,52)","(78 585,52)"
"2 016","GNFD","General Fund","0001EBS","Building Services GF","5.29","Energy Procurement and Monitoring","PS","Personnel Services","141 483","0","153 759,07","153 759,07"
"2 016","GNFD","General Fund","0001CMO","City Manager's Office GF","5.14","City Administration","QM","Supplies & Materials","4 719","0","7 502,5","7 502,5"
"2 016","INSV","Internal Service Fund","0198DSV","Information Technology DSV","5.O","Public Safety Technology Support","PS","Personnel Services","1 997 961","0","1 722 613,08","1 722 613,08"
"2 016","EFOP","Enterprise Operating Fund","0061SDM","Storm Drainage Mgmt Operations","9.99","Department Support","PS","Personnel Services","0","0","1 583 087,03","1 583 087,03"
"2 016","GNFD","General Fund","0001PBW","Public Works GF","3.01","Air Quality Compliance","PS","Personnel Services","544 654","0","556 740,21","556 740,21"
"2 016","GNFD","General Fund","0001HOU","Housing GF","2.2400000000000002","Home Ownership/Development","PS","Personnel Services","322 109","0","335 122,47","335 122,47"
"2 016","GNFD","General Fund","0001SEC","City Secretary's Office GF","5.07","Archives","PS","Personnel Services","151 896","0","126 663,98","126 663,98"
"2 016","GNFD","General Fund","0001CCS","Code Compliance GF","3.18","Neighborhood Nuisance Abatement","PS","Personnel Services","4 197 436","0","3 534 486,01","3 534 486,01"
"2 016","EFOP","Enterprise Operating Fund","0061SDM","Storm Drainage Mgmt Operations","2.2000000000000002","Floodplain and Drainage Management","PS","Personnel Services","2 459 690","0","1 917 973,75","1 917 973,75"
"2 016","GNFD","General Fund","0001CVS","Civil Service GF","5.33","Fire Applicant - Physical Abilities Testing","PS","Personnel Services","41 875","0","72 934,07","72 934,07"
"2 016","EFOP","Enterprise Operating Fund","0150DEV","Sustainable Dev and Construction - Enterprise","2.5499999999999998","Zoning & Board of Adjustment","PS","Personnel Services","1 539 069","0","1 351 360,51","1 351 360,51"
"2 016","GNFD","General Fund","0001ATT","City Attorney's Office GF","3.13","Environ Enforcement, Compliance, and Support (Legal Service)","PS","Personnel Services","80 425","0","70 830,91","70 830,91"
"2 016","GNFD","General Fund","0001CMO","City Manager's Office GF","5.14","City Administration","RE","Reimbursements","(597 607)","0","(597 607)","(597 607)"
"2 016","INSV","Internal Service Fund","0196EBS","Equipment Services EBS","5.F","City Fleet Paint and Body Shop Coordination","PS","Personnel Services","35 014","0","103 033,91","103 033,91"
"2 016","GNFD","General Fund","0001BAC","Mgmt Services - Boards and Commissions","5.09","Boards and Commissions Liaison","PS","Personnel Services","71 821","0","71 236,55","71 236,55"
"2 016","GNFD","General Fund","0001OEM","Mgmt Services - Emergency Management","1.07","Emergency Management Operations","RE","Reimbursements","(310 991)","0","(314 744,42)","(314 744,42)"
"2 016","GNFD","General Fund","0001CCS","Code Compliance GF","9.99","Department Support","RE","Reimbursements","(871 196)","0","(871 195)","(871 195)"
"2 016","GNFD","General Fund","0001PBW","Public Works GF","1.01","Adjudication Office","PS","Personnel Services","411 393","0","384 704,38","384 704,38"
"2 016","GNFD","General Fund","0001BMS","Office of Financial Services GF","5.52","Utility Management","PS","Personnel Services","130 194","0","129 727,58","129 727,58"
"2 016","OTHO","Other Operating Fund","0191DSV","9-1-1 System Operations","5.A","9-1-1 Technology/Education Services","PS","Personnel Services","243 852","0","142 415,77","142 415,77"
"2 016","GNFD","General Fund","0001BMS","Office of Financial Services GF","5.19","Citywide Capital and Operating Budget Dev and Monitoring","PS","Personnel Services","864 077","0","889 073,55","889 073,55"
"2 016","EFOP","Enterprise Operating Fund","0100DWU","Water Utilities DWU","5.54","Water Planning, Financial and Rate Services","PS","Personnel Services","1 812 329","0","1 726 087,27","1 726 087,27"
"2 016","GNFD","General Fund","0001PER","Human Resources GF","9.99","Department Support","RE","Reimbursements","(437 015)","0","(471 012)","(471 012)"
"2 016","GNFD","General Fund","0001EMS","Mgmt Services - EMS Compliance","5.28","EMS Compliance Program","QM","Supplies & Materials","0","0","2 618,33","2 618,33"
"2 016","GNFD","General Fund","0001ADM","Mgmt Services - Admin","5.01","311 Customer Service Center","PS","Personnel Services","286 825","0","266 365,51","266 365,51"
"2 016","GNFD","General Fund","0001ECO","Economic Development GF","2.13","Economic Development Major Projects & Other Programs","PS","Personnel Services","412 968","0","360 778,5","360 778,5"
"2 016","EFOP","Enterprise Operating Fund","0100DWU","Water Utilities DWU","5.55","Water Utilities Customer Account Services","RE","Reimbursements","(576 915)","0","(723 747,3)","(723 747,3)"
"2 016","EFOP","Enterprise Operating Fund","0080CCT","Convention Center CCT","2.29","Office of Special Events","QM","Supplies & Materials","13 116","0","3 838,81","3 838,81"
"2 016","GNFD","General Fund","0001ECO","Economic Development GF","2.14","Economic Development Research and Information Services","PS","Personnel Services","405 543","0","435 036,02","435 036,02"
"2 016","GNFD","General Fund","0001DEV","Sustainable Dev and Construction GF","2.23","Historic Preservation","QM","Supplies & Materials","5 550","0","1 037,23","1 037,23"
"2 016","GNFD","General Fund","0001PBW","Public Works GF","2.0699999999999998","Capital Facilities","PS","Personnel Services","1 816 641","0","1 764 375,34","1 764 375,34"
"2 016","GNFD","General Fund","0001PIO","Mgmt Services - Public Information Office","5.48","Public Information Office / Communications & Broadcasting","PS","Personnel Services","1 320 458","0","1 285 530,1","1 285 530,1"
"2 016","GNFD","General Fund","0001SEC","City Secretary's Office GF","5.23","Customer Service","PS","Personnel Services","170 140","0","157 249,09","157 249,09"
"2 016","GNFD","General Fund","0001STL","Street Lighting","2.42","Street Lighting","PS","Personnel Services","76 262","0","160 784,78","160 784,78"
"2 016","GNFD","General Fund","0001OEM","Mgmt Services - Emergency Management","1.07","Emergency Management Operations","PS","Personnel Services","581 095","0","593 468,79","593 468,79"
"2 016","EFOP","Enterprise Operating Fund","0100DWU","Water Utilities DWU","5.18","City GIS Services","RC","Capital Outlay","26 400","0","5 895","5 895"
"2 016","GNFD","General Fund","0001PKR","Park and Recreation GF","9.99","Department Support","PS","Personnel Services","2 780 538","0","2 957 304,4","2 957 304,4"
"2 016","EFOP","Enterprise Operating Fund","0150DEV","Sustainable Dev and Construction - Enterprise","2.34","Private Development Survey","PS","Personnel Services","520 506","0","405 324,89","405 324,89"
"2 016","INSV","Internal Service Fund","0199POM","Express Business Center POM","5.B","Business Services","RE","Reimbursements","(1 200 000)","0","(1 294 620,72)","(1 294 620,72)"
"2 016","GNFD","General Fund","0001CVS","Civil Service GF","5.05","Applicant Processing - Civilian","QM","Supplies & Materials","6 100","0","7 723,78","7 723,78"
"2 016","GNFD","General Fund","0001CMO","City Manager's Office GF","5.14","City Administration","PS","Personnel Services","2 392 182","0","2 365 214,61","2 365 214,61"
"2 016","INSV","Internal Service Fund","0198DSV","Information Technology DSV","5.L","Internal Desktop Support","PS","Personnel Services","87 351","0","70 464,08","70 464,08"
"2 016","GNFD","General Fund","0001ECO","Economic Development GF","2.4","Small Business Initiatives","PS","Personnel Services","741 356","0","549 317,96","549 317,96"
"2 016","INSV","Internal Service Fund","0196EBS","Equipment Services EBS","5.H","Environmental Services for City Fleet Operations","PS","Personnel Services","443 688","0","367 339,5","367 339,5"
"2 016","GNFD","General Fund","0001ATT","City Attorney's Office GF","5.34","General Counsel","RE","Reimbursements","(120 842)","0","(103 511,72)","(103 511,72)"
"2 016","GNFD","General Fund","0001POM","Business Development & Procurement GF","5.1100000000000003","Business Inclusion & Development Compliance Monitoring","RE","Reimbursements","(77 110)","0","(77 203,16)","(77 203,16)"
"2 016","GNFD","General Fund","0001IGS","Mgmt Services - Intergovernmental Services","5.41","Intergovernmental Services","PS","Personnel Services","698 842","0","662 012,95","662 012,95"
"2 016","GNFD","General Fund","0001ATT","City Attorney's Office GF","9.99","Department Support","RE","Reimbursements","(1 218 278)","0","(1 357 162)","(1 357 162)"
"2 016","EFOP","Enterprise Operating Fund","0440SAN","Sanitation Operating Fund","3.03","Animal Remains Collection","PS","Personnel Services","464 894","0","434 620,63","434 620,63"
"2 016","INSV","Internal Service Fund","0198DSV","Information Technology DSV","5.N","Internal Telephone and Data Communication","PS","Personnel Services","634 289","0","385 768,29","385 768,29"
"2 016","GNFD","General Fund","0001PER","Human Resources GF","5.38","HRIS and HR Payroll Services","QM","Supplies & Materials","7 090","0","4 396,5","4 396,5"
"2 016","GNFD","General Fund","0001PER","Human Resources GF","5.39","Human Resource Consulting","QM","Supplies & Materials","10 395","0","20 943,54","20 943,54"
"2 016","OTHO","Other Operating Fund","0286PER","Wellness Program Fund","5.R","Wellness Program","PS","Personnel Services","428 603","0","352 342,18","352 342,18"
"2 016","GNFD","General Fund","0001PNV","Planning and Urban Design GF","2.2799999999999998","Neighborhood Vitality","PS","Personnel Services","869 595","0","575 005,03","575 005,03"
"2 016","GNFD","General Fund","0001AUD","City Auditor's Office GF","5.08","Audits, Attestations and Investigations","PS","Personnel Services","2 728 685","0","2 723 120,96","2 723 120,96"
"2 016","GNFD","General Fund","0001CTJ","Judiciary GF","1.04","Community Court","QV","Contractual & Other Services","150","0","334,15","334,15"
"2 016","EFOP","Enterprise Operating Fund","0150DEV","Sustainable Dev and Construction - Enterprise","2.2200000000000002","GIS Mapping for Private Development","PS","Personnel Services","643 981","0","471 689,21","471 689,21"
"2 016","GNFD","General Fund","0001FHO","Mgmt Services - Fair Housing","5.31","Fair Housing and Human Rights Compliance","PS","Personnel Services","113 401","0","117 613,64","117 613,64"
"2 016","GNFD","General Fund","0001LIB","Library GF","4.08","Literacy Initiatives, Education & Community Engagement","PS","Personnel Services","807 170","0","834 065,26","834 065,26"
"2 016","GNFD","General Fund","0001OCA","Office of Cultural Affairs GF","4.1100000000000003","Public Art for Dallas","PS","Personnel Services","336 954","0","275 745,58","275 745,58"
"2 016","GNFD","General Fund","0001CRO","Mgmt Services - Resiliency Office","2.37","Resiliency Office","PS","Personnel Services","282 258","0","274 164,87","274 164,87"
"2 016","GNFD","General Fund","0001DFD","Dallas Fire Rescue GF","2.1800000000000002","Fire Inspection for New Construction","RE","Reimbursements","(1 000 000)","0","(2 000 712,16)","(2 000 712,16)"
"2 016","GNFD","General Fund","0001STS","Street Services GF","2.38","Rights-of-Way Maintenance Contracts and Inspections Group","PS","Personnel Services","1 609 824","0","1 510 801,68","1 510 801,68"
"2 016","GNFD","General Fund","0001CVS","Civil Service GF","5.0599999999999996","Applicant Processing - Uniform","PS","Personnel Services","502 154","0","491 399,45","491 399,45"
"2 016","INSV","Internal Service Fund","0198DSV","Information Technology DSV","5.C","Business Technology Services","PS","Personnel Services","5 475 057","0","4 325 788,95","4 325 788,95"
"2 016","EFOP","Enterprise Operating Fund","0440SAN","Sanitation Operating Fund","3.05","City Facility Services","PS","Personnel Services","91 597","0","73 735,65","73 735,65"
"2 016","EFOP","Enterprise Operating Fund","0150DEV","Sustainable Dev and Construction - Enterprise","2.08","Construction Plan Review and Permitting","RE","Reimbursements","0","0","(10 870,67)","(10 870,67)"
"2 016","GNFD","General Fund","0001ECO","Economic Development GF","2.0099999999999998","Area Redevelopment","PS","Personnel Services","651 085","0","611 228,84","611 228,84"
"2 016","GNFD","General Fund","0001EBS","Building Services GF","2.0299999999999998","Bullington Truck Terminal and Thanksgiving Square","PS","Personnel Services","42 931","0","44 502,99","44 502,99"
"2 016","GNFD","General Fund","0001PKR","Park and Recreation GF","2.2999999999999998","Operation & Maintenance of Fair Park","RC","Capital Outlay","15 000","0","30 745","30 745"
"2 016","EFOP","Enterprise Operating Fund","0061SDM","Storm Drainage Mgmt Operations","3.22","Stormwater Regulations & Enforcement","PS","Personnel Services","4 011 544","0","3 677 345,41","3 677 345,41"
"2 016","GNFD","General Fund","0001CPE","Mgmt Services - Strategic Initiatives","5.13","Center for Performance Excellence","PS","Personnel Services","932 006","0","959 517,15","959 517,15"
"2 016","EFOP","Enterprise Operating Fund","0100DWU","Water Utilities DWU","5.18","City GIS Services","PS","Personnel Services","1 252 868","0","1 238 315,85","1 238 315,85"
"2 016","GNFD","General Fund","0001PBW","Public Works GF","2.2599999999999998","Interagency and Transportation Administration","PS","Personnel Services","1 350 819","0","1 233 513,98","1 233 513,98"
"2 016","INSV","Internal Service Fund","0196EBS","Equipment Services EBS","5.I","Fuel Procurement and Management","PS","Personnel Services","675 763","0","757 618,49","757 618,49"
"2 016","GNFD","General Fund","0001ATT","City Attorney's Office GF","3.07","Community Prosecution & Community Courts","PS","Personnel Services","1 593 912","0","1 432 888,57","1 432 888,57"
"2 016","GNFD","General Fund","0001PNV","Planning and Urban Design GF","9.99","Department Support","PS","Personnel Services","570 188","0","528 422,26","528 422,26"
"2 016","GNFD","General Fund","0001CRO","Mgmt Services - Resiliency Office","2.37","Resiliency Office","RE","Reimbursements","0","0","(213 733,48)","(213 733,48)"
"2 016","EFOP","Enterprise Operating Fund","0150DEV","Sustainable Dev and Construction - Enterprise","2.15","Engineering & Inspection Review for Private Development","RE","Reimbursements","(526 899)","0","(526 899)","(526 899)"
"2 016","GNFD","General Fund","0001CVS","Civil Service GF","5.2","Civil Service Board Administration/Employee Appeals Process","PS","Personnel Services","358 465","0","364 787,18","364 787,18"
"2 016","GNFD","General Fund","0001PBW","Public Works GF","3.23","Underground Storage Tank Replacement and Inspection","PS","Personnel Services","77 075","0","76 646,75","76 646,75"
"2 016","GNFD","General Fund","0001OFS","Non-Departmental","5.46","Non-Departmental","RE","Reimbursements","0","0","(50 115)","(50 115)"
"2 016","GNFD","General Fund","0001DEV","Sustainable Dev and Construction GF","2.23","Historic Preservation","QV","Contractual & Other Services","113 501","0","88 689,85","88 689,85"
"2 016","GNFD","General Fund","0001DEV","Sustainable Dev and Construction GF","2.02","Authorized Hearings","PS","Personnel Services","335 055","0","338 335,66","338 335,66"
"2 016","GNFD","General Fund","0001CCO","City Controller's Office GF","5.24","Deferred Compensation","PS","Personnel Services","164 648","0","164 427,74","164 427,74"
"2 016","GNFD","General Fund","0001CCO","City Controller's Office GF","5.24","Deferred Compensation","QM","Supplies & Materials","2 000","0","670,69","670,69"
"2 016","EFOP","Enterprise Operating Fund","0150DEV","Sustainable Dev and Construction - Enterprise","9.99","Department Support","PS","Personnel Services","358 430","0","279 386,46","279 386,46"
"2 016","GNFD","General Fund","0001POM","Business Development & Procurement GF","2.5099999999999998","Vendor Development","PS","Personnel Services","195 930","0","191 899,31","191 899,31"
"2 016","EFOP","Enterprise Operating Fund","0150DEV","Sustainable Dev and Construction - Enterprise","2.4500000000000002","Subdivision Plat Review","QM","Supplies & Materials","5 475","0","5 079,53","5 079,53"
"2 016","GNFD","General Fund","0001CVS","Civil Service GF","5.04","Analysis/Development and Validation","QM","Supplies & Materials","10 400","0","19 655,3","19 655,3"
"2 016","GNFD","General Fund","0001ECO","Economic Development GF","9.99","Department Support","PS","Personnel Services","884 013","0","879 007,91","879 007,91"
"2 016","GNFD","General Fund","0001PKR","Park and Recreation GF","4.0999999999999996","Planning, Design, Construction & EMS and Environ Compliance","RE","Reimbursements","(100 000)","0","(144 787,12)","(144 787,12)"
"2 016","GNFD","General Fund","0001CCO","City Controller's Office GF","9.99","Department Support","PS","Personnel Services","172 258","0","178 867,3","178 867,3"
"2 016","EFOP","Enterprise Operating Fund","0061SDM","Storm Drainage Mgmt Operations","3.22","Stormwater Regulations & Enforcement","RC","Capital Outlay","203 120","0","52 484,89","52 484,89"
"2 016","GNFD","General Fund","0001LEW","Jail Contract","1.1599999999999999","Lew Sterrett Jail Contract","QV","Contractual & Other Services","7 557 391","0","7 557 390,96","7 557 390,96"
"2 016","GNFD","General Fund","0001CTJ","Judiciary GF","1.05","Court Security","PS","Personnel Services","755 210","0","928 724,85","928 724,85"
"2 016","GNFD","General Fund","0001LIB","Library GF","4.0599999999999996","Library Materials & Collection Management","PS","Personnel Services","1 069 420","0","998 020,13","998 020,13"
"2 016","GNFD","General Fund","0001OFS","Non-Departmental","5.35","General Obligation Commercial Paper and Master Lease Program","QV","Contractual & Other Services","14 697 733","0","9 927 550,77","9 927 550,77"
"2 016","GNFD","General Fund","0001CCS","Code Compliance GF","3.1","Consumer Health","RE","Reimbursements","(204 560)","0","(204 560)","(204 560)"
"2 016","EFOP","Enterprise Operating Fund","0100DWU","Water Utilities DWU","5.26","DWU General Expense","RC","Capital Outlay","2 157 771","0","2 207 570,94","2 207 570,94"
"2 016","GNFD","General Fund","0001PER","Human Resources GF","9.99","Department Support","PS","Personnel Services","437 015","0","458 807,5","458 807,5"
"2 016","GNFD","General Fund","0001ECO","Economic Development GF","2.11","Dallas Film Commission","PS","Personnel Services","283 095","0","206 366,97","206 366,97"
"2 016","EFOP","Enterprise Operating Fund","0100DWU","Water Utilities DWU","5.53","Vital Statistics","RE","Reimbursements","(1 037 683)","0","(827 363,72)","(827 363,72)"
"2 016","GNFD","General Fund","0001CTS","Court and Detention Services GF","1.06","Dallas City Marshal","RC","Capital Outlay","70 000","0","43 348,66","43 348,66"
"2 016","INSV","Internal Service Fund","0199POM","Express Business Center POM","5.B","Business Services","TR","Transfers Out","78 920","0","37 226,36","37 226,36"
"2 016","GNFD","General Fund","0001PBW","Public Works GF","9.99","Department Support","PS","Personnel Services","1 163 590","0","1 192 202,28","1 192 202,28"
"2 016","GNFD","General Fund","0001DPD","Police Department GF","1.25","Police Intelligence","PS","Personnel Services","9 624 859","0","7 557 620,51","7 557 620,51"
"2 016","GNFD","General Fund","0001EBS","Building Services GF","9.99","Department Support","PS","Personnel Services","601 118","0","925 984,55","925 984,55"
"2 016","EFOP","Enterprise Operating Fund","0150DEV","Sustainable Dev and Construction - Enterprise","2.33","Private Development Records and Archival Library","QM","Supplies & Materials","8 159","0","8 621,31","8 621,31"
"2 016","GNFD","General Fund","0001SEC","City Secretary's Office GF","5.0999999999999996","Boards and Commissions Support","QM","Supplies & Materials","1 700","0","1 182,64","1 182,64"
"2 016","GNFD","General Fund","0001ATT","City Attorney's Office GF","5.34","General Counsel","PS","Personnel Services","3 860 515","0","3 911 342,54","3 911 342,54"
"2 016","GNFD","General Fund","0001SEC","City Secretary's Office GF","5.5","Records Management","PS","Personnel Services","265 227","0","273 786,12","273 786,12"
"2 016","EFOP","Enterprise Operating Fund","0100DWU","Water Utilities DWU","3.24","Wastewater Collection","PS","Personnel Services","12 649 858","0","12 019 386,02","12 019 386,02"
"2 016","GNFD","General Fund","0001DEV","Sustainable Dev and Construction GF","2.02","Authorized Hearings","QM","Supplies & Materials","10 625","0","1 179,51","1 179,51"
"2 016","EFOP","Enterprise Operating Fund","0150DEV","Sustainable Dev and Construction - Enterprise","2.16","Express Plan Review","QM","Supplies & Materials","16 400","0","6 736,95","6 736,95"
"2 016","GNFD","General Fund","0001EBS","Building Services GF","1.32","Security Service for City Facilities","PS","Personnel Services","3 076 416","0","3 343 214,75","3 343 214,75"
"2 016","GNFD","General Fund","0001PNV","Planning and Urban Design GF","2.27","Mobility Planning","PS","Personnel Services","791 641","0","424 274,08","424 274,08"
"2 016","GNFD","General Fund","0001SEC","City Secretary's Office GF","5.0999999999999996","Boards and Commissions Support","PS","Personnel Services","255 053","0","260 203,55","260 203,55"
"2 016","GNFD","General Fund","0001PBW","Public Works GF","2.41","Street Cut and Right-of-Way Management (Cut Control)","PS","Personnel Services","565 666","0","432 253,79","432 253,79"
"2 016","GNFD","General Fund","0001DEV","Sustainable Dev and Construction GF","2.23","Historic Preservation","RE","Reimbursements","(74 033)","0","(27 907,56)","(27 907,56)"
"2 016","GNFD","General Fund","0001FHO","Mgmt Services - Fair Housing","5.31","Fair Housing and Human Rights Compliance","QM","Supplies & Materials","400","0","253,02","253,02"
"2 016","GNFD","General Fund","0001ATT","City Attorney's Office GF","1.19","Municipal Prosecution","PS","Personnel Services","1 709 891","0","1 633 571,53","1 633 571,53"
"2 016","GNFD","General Fund","0001DFD","Dallas Fire Rescue GF","1.1399999999999999","Inspection and Life Safety Education","RE","Reimbursements","(74 275)","0","(440 047,95)","(440 047,95)"
"2 016","GNFD","General Fund","0001ICT","Mgmt Services - Internal Control Task Force","5.42","Internal Control Task Force","PS","Personnel Services","414 065","0","367 938,88","367 938,88"
"2 016","GNFD","General Fund","0001CCS","Code Compliance GF","2.36","Regulation and Enforcement of For Hire Transportation","PS","Personnel Services","921 382","0","778 890,62","778 890,62"
"2 016","GNFD","General Fund","0001PBW","Public Works GF","3.01","Air Quality Compliance","RE","Reimbursements","(525 117)","0","(525 027,24)","(525 027,24)"
"2 016","GNFD","General Fund","0001HOU","Housing GF","3.08","Community/Senior Services","RE","Reimbursements","(50 000)","0","(67 703,79)","(67 703,79)"
"2 016","GNFD","General Fund","0001DPD","Police Department GF","1.22","Police Community Outreach","PS","Personnel Services","1 670 262","0","1 481 332,29","1 481 332,29"
"2 016","GNFD","General Fund","0001OCA","Office of Cultural Affairs GF","9.99","Department Support","PS","Personnel Services","0","0","265 659,92","265 659,92"
"2 016","GNFD","General Fund","0001ATT","City Attorney's Office GF","5.25","DFW International Airport Legal Counsel","PS","Personnel Services","554 501","0","559 767,62","559 767,62"
"2 016","INSV","Internal Service Fund","0198DSV","Information Technology DSV","5.K","Internal Computer Support","PS","Personnel Services","3 163 653","0","2 658 658,24","2 658 658,24"
"2 016","GNFD","General Fund","0001DFD","Dallas Fire Rescue GF","1.1299999999999999","Fire-Rescue Equipment Maintenance and Supply","RE","Reimbursements","(133 017)","0","(132 903,04)","(132 903,04)"
"2 016","GNFD","General Fund","0001EBS","Building Services GF","5.29","Energy Procurement and Monitoring","QM","Supplies & Materials","2 883 021","0","2 538 952,85","2 538 952,85"
"2 016","GNFD","General Fund","0001LIB","Library GF","4.07","Library Operations & Public Service","RC","Capital Outlay","0","0","44 502,48","44 502,48"
"2 016","INSV","Internal Service Fund","0196EBS","Equipment Services EBS","5.D","City Fleet Asset Management","RE","Reimbursements","0","0","(2 303 995,1)","(2 303 995,1)"
"2 016","EFOP","Enterprise Operating Fund","0440SAN","Sanitation Operating Fund","3.2","Residential Refuse Collection","RC","Capital Outlay","0","0","179 170","179 170"
"2 016","GNFD","General Fund","0001CCS","Code Compliance GF","3.17","Neighborhood Code Compliance Services","RE","Reimbursements","(1 215 858)","0","(1 119 296,44)","(1 119 296,44)"
"2 016","GNFD","General Fund","0001DPD","Police Department GF","1.21","Police Administrative Support","RC","Capital Outlay","0","0","7 979","7 979"
"2 016","GNFD","General Fund","0001EBS","Building Services GF","1.32","Security Service for City Facilities","RE","Reimbursements","(436 425)","0","(1 116 805,62)","(1 116 805,62)"
"2 016","GNFD","General Fund","0001PBW","Public Works GF","5.43","Land Surveying Services","PS","Personnel Services","645 554","0","721 273,83","721 273,83"
"2 016","GNFD","General Fund","0001TWM","Trinity Watershed Management GF","2.4900000000000002","Trinity River Corridor Operations","RC","Capital Outlay","25 241","0","36 741,8","36 741,8"
"2 016","GNFD","General Fund","0001CTS","Court and Detention Services GF","3.15","Illegal Dump Team - Criminal Investigations and Arrests","RE","Reimbursements","(913 180)","0","(913 180)","(913 180)"
"2 016","EFOP","Enterprise Operating Fund","0100DWU","Water Utilities DWU","5.53","Vital Statistics","PS","Personnel Services","623 708","0","572 851,96","572 851,96"
"2 016","EFOP","Enterprise Operating Fund","0100DWU","Water Utilities DWU","3.26","Water Conservation","PS","Personnel Services","847 315","0","952 999,1","952 999,1"
"2 016","INSV","Internal Service Fund","0198DSV","Information Technology DSV","5.Q","Strategic Technology Management","RE","Reimbursements","(2 338 364)","0","(1 643 102,56)","(1 643 102,56)"
"2 016","EFOP","Enterprise Operating Fund","0100DWU","Water Utilities DWU","9.99","Department Support","PS","Personnel Services","2 426 857","0","2 586 673,81","2 586 673,81"
"2 016","GNFD","General Fund","0001CTS","Court and Detention Services GF","3.15","Illegal Dump Team - Criminal Investigations and Arrests","PS","Personnel Services","809 023","0","802 569,18","802 569,18"
"2 016","GNFD","General Fund","0001CVS","Civil Service GF","5.05","Applicant Processing - Civilian","QV","Contractual & Other Services","96 269","0","173 279,6","173 279,6"
"2 016","EFOP","Enterprise Operating Fund","0100DWU","Water Utilities DWU","2.5299999999999998","Water Production and Delivery","PS","Personnel Services","33 244 929","0","35 056 284,2","35 056 284,2"
"2 016","GNFD","General Fund","0001HOU","Housing GF","5.37","Housing Management/Contract Support","RE","Reimbursements","(131 353)","0","(36 753,13)","(36 753,13)"
"2 016","GNFD","General Fund","0001EBS","Building Services GF","2.0299999999999998","Bullington Truck Terminal and Thanksgiving Square","QM","Supplies & Materials","193 158","0","70 417,84","70 417,84"
"2 016","GNFD","General Fund","0001PKR","Park and Recreation GF","9.99","Department Support","QV","Contractual & Other Services","0","0","2 362,33","2 362,33"
"2 016","INSV","Internal Service Fund","0196EBS","Equipment Services EBS","5.D","City Fleet Asset Management","PS","Personnel Services","1 119 996","0","1 079 983,85","1 079 983,85"
"2 016","EFOP","Enterprise Operating Fund","0061SDM","Storm Drainage Mgmt Operations","3.21","Storm Drainage Management Fund","QM","Supplies & Materials","0","0","4 171,46","4 171,46"
"2 016","GNFD","General Fund","0001PER","Human Resources GF","9.99","Department Support","QV","Contractual & Other Services","0","0","1 523,58","1 523,58"
"2 016","GNFD","General Fund","0001CVS","Civil Service GF","5.2","Civil Service Board Administration/Employee Appeals Process","QM","Supplies & Materials","2 397","0","2 657,82","2 657,82"
"2 016","GNFD","General Fund","0001PKR","Park and Recreation GF","4.12","Recreation Services","RE","Reimbursements","(1 025 000)","0","(1 198 136,06)","(1 198 136,06)"
"2 016","GNFD","General Fund","0001DPD","Police Department GF","1.26","Police Investigation of Vice Related Crimes","PS","Personnel Services","3 482 967","0","3 760 298,82","3 760 298,82"
"2 016","GNFD","General Fund","0001CVS","Civil Service GF","5.0599999999999996","Applicant Processing - Uniform","QV","Contractual & Other Services","56 096","0","20 926,14","20 926,14"
"2 016","GNFD","General Fund","0001ATT","City Attorney's Office GF","3.13","Environ Enforcement, Compliance, and Support (Legal Service)","QV","Contractual & Other Services","13 485","0","3 658,75","3 658,75"
"2 016","GNFD","General Fund","0001ELE","Elections","5.27","Elections","PS","Personnel Services","87 864","0","87 392,29","87 392,29"
"2 016","GNFD","General Fund","0001CCS","Code Compliance GF","3.12","Dallas Animal Services","RE","Reimbursements","0","0","(13 988)","(13 988)"
"2 016","GNFD","General Fund","0001SEC","City Secretary's Office GF","5.07","Archives","QV","Contractual & Other Services","18 342","0","4 285,32","4 285,32"
"2 016","GNFD","General Fund","0001SEC","City Secretary's Office GF","5.0999999999999996","Boards and Commissions Support","QV","Contractual & Other Services","83 404","0","12 927,17","12 927,17"
"2 016","GNFD","General Fund","0001PBW","Public Works GF","3.23","Underground Storage Tank Replacement and Inspection","QV","Contractual & Other Services","42 534","0","35 795,08","35 795,08"
"2 016","GNFD","General Fund","0001DFD","Dallas Fire Rescue GF","9.99","Department Support","PS","Personnel Services","2 885 660","0","3 450 664,95","3 450 664,95"
"2 016","GNFD","General Fund","0001STS","Street Services GF","2.44","Street Repair Division - Concrete","TR","Transfers Out","6 332 000","0","6 320 000","6 320 000"
"2 016","GNFD","General Fund","0001CCS","Code Compliance GF","2.36","Regulation and Enforcement of For Hire Transportation","RE","Reimbursements","(168 168)","0","(147 402,46)","(147 402,46)"
"2 016","EFOP","Enterprise Operating Fund","0080CCT","Convention Center CCT","2.5","Union Station","QM","Supplies & Materials","367 000","0","287 733,77","287 733,77"
"2 016","GNFD","General Fund","0001DFD","Dallas Fire Rescue GF","1.08","EMS Administration, Contracts, and Community Health","PS","Personnel Services","11 767 217","0","6 047 090,59","6 047 090,59"
"2 016","GNFD","General Fund","0001ATT","City Attorney's Office GF","3.13","Environ Enforcement, Compliance, and Support (Legal Service)","RE","Reimbursements","(96 308)","0","(73 578,13)","(73 578,13)"
"2 016","GNFD","General Fund","0001AGE","Mgmt Services - Council Agenda","5.15","City Agenda Process","QV","Contractual & Other Services","8 667","0","7 945,28","7 945,28"
"2 016","EFOP","Enterprise Operating Fund","0100DWU","Water Utilities DWU","5.55","Water Utilities Customer Account Services","PS","Personnel Services","14 282 208","0","14 764 956,08","14 764 956,08"
"2 016","GNFD","General Fund","0001CCO","City Controller's Office GF","5.47","Payroll","QM","Supplies & Materials","8 476","0","4 934,33","4 934,33"
"2 016","GNFD","General Fund","0001PER","Human Resources GF","5.39","Human Resource Consulting","PS","Personnel Services","1 969 179","0","1 959 423,44","1 959 423,44"
"2 016","GNFD","General Fund","0001CTJ","Judiciary GF","1.03","Civil Adjudication Court","QV","Contractual & Other Services","2 065","0","620","620"
"2 016","GNFD","General Fund","0001SEC","City Secretary's Office GF","5.23","Customer Service","QV","Contractual & Other Services","32 745","0","4 339,61","4 339,61"
"2 016","GNFD","General Fund","0001HOU","Housing GF","5.37","Housing Management/Contract Support","PS","Personnel Services","794 687","0","936 631,54","936 631,54"
"2 016","GNFD","General Fund","0001BAC","Mgmt Services - Boards and Commissions","5.09","Boards and Commissions Liaison","QV","Contractual & Other Services","12 441","0","10 914,4","10 914,4"
"2 016","EFOP","Enterprise Operating Fund","0140OCA","Municipal Radio OCA","4.13","WRR Municipal Radio Classical Music","PS","Personnel Services","1 251 226","0","1 043 163,3","1 043 163,3"
"2 016","GNFD","General Fund","0001CCS","Code Compliance GF","3.18","Neighborhood Nuisance Abatement","RE","Reimbursements","(893 597)","0","(1 074 496,26)","(1 074 496,26)"
"2 016","EFOP","Enterprise Operating Fund","0150DEV","Sustainable Dev and Construction - Enterprise","2.2200000000000002","GIS Mapping for Private Development","QV","Contractual & Other Services","182 829","0","58 213,42","58 213,42"
"2 016","GNFD","General Fund","0001OEQ","Mgmt Services - Environmental Quaity","3.14","Environmental Quality","RE","Reimbursements","(1 878 701)","0","(1 423 946,02)","(1 423 946,02)"
"2 016","OTHO","Other Operating Fund","0278PER","Employee Benefits Administration","5.J","HR Benefits Administration Services","QV","Contractual & Other Services","436 515","0","225 384,41","225 384,41"
"2 016","EFOP","Enterprise Operating Fund","0061SDM","Storm Drainage Mgmt Operations","2.19","Flood Control","RC","Capital Outlay","50 000","0","254 420,85","254 420,85"
"2 016","GNFD","General Fund","0001CTS","Court and Detention Services GF","1.02","City Detention Center","QV","Contractual & Other Services","85 066","0","34 194,88","34 194,88"
"2 016","OTHO","Other Operating Fund","0195ORM","Office of Risk Management","5.P","Risk Management Services","RE","Reimbursements","(416 623)","0","(231 917,76)","(231 917,76)"
"2 016","GNFD","General Fund","0001STS","Street Services GF","2.44","Street Repair Division - Concrete","RE","Reimbursements","(1 975 063)","0","(6 354 503,48)","(6 354 503,48)"
"2 016","EFOP","Enterprise Operating Fund","0150DEV","Sustainable Dev and Construction - Enterprise","2.34","Private Development Survey","QV","Contractual & Other Services","78 360","0","7 958,21","7 958,21"
"2 016","GNFD","General Fund","0001CPE","Mgmt Services - Strategic Initiatives","5.13","Center for Performance Excellence","QM","Supplies & Materials","6 696","0","8 920,69","8 920,69"
"2 016","GNFD","General Fund","0001AUD","City Auditor's Office GF","5.08","Audits, Attestations and Investigations","QM","Supplies & Materials","28 140","0","29 929,24","29 929,24"
"2 016","GNFD","General Fund","0001PBW","Public Works GF","1.01","Adjudication Office","QM","Supplies & Materials","9 550","0","9 275,31","9 275,31"
"2 016","GNFD","General Fund","0001CTS","Court and Detention Services GF","1.02","City Detention Center","PS","Personnel Services","1 385 333","0","1 464 127,05","1 464 127,05"
"2 016","GNFD","General Fund","0001STS","Street Services GF","2.44","Street Repair Division - Concrete","PS","Personnel Services","8 270 145","0","7 508 236,15","7 508 236,15"
"2 016","EFOP","Enterprise Operating Fund","0150DEV","Sustainable Dev and Construction - Enterprise","9.99","Department Support","QV","Contractual & Other Services","0","0","243 143,02","243 143,02"
"2 016","GNFD","General Fund","0001DPD","Police Department GF","1.27","Police Investigations of Narcotics Related Crimes","PS","Personnel Services","12 725 207","0","13 508 065,67","13 508 065,67"
"2 016","GNFD","General Fund","0001PNV","Planning and Urban Design GF","2.3199999999999998","Planning and Design Studio","QM","Supplies & Materials","22 640","0","16 758,91","16 758,91"
"2 016","EFOP","Enterprise Operating Fund","0080CCT","Convention Center CCT","2.1","Dallas Convention Center","TR","Transfers Out","18 201 620","0","15 822 258,37","15 822 258,37"
"2 016","GNFD","General Fund","0001FHO","Mgmt Services - Fair Housing","5.31","Fair Housing and Human Rights Compliance","QV","Contractual & Other Services","23 023","0","19 900,21","19 900,21"
"2 016","EFOP","Enterprise Operating Fund","0150DEV","Sustainable Dev and Construction - Enterprise","2.4500000000000002","Subdivision Plat Review","PS","Personnel Services","455 867","0","428 077,44","428 077,44"
"2 016","GNFD","General Fund","0001OCA","Office of Cultural Affairs GF","4.1100000000000003","Public Art for Dallas","RE","Reimbursements","(266 429)","0","(176 838,22)","(176 838,22)"
"2 016","EFOP","Enterprise Operating Fund","0061SDM","Storm Drainage Mgmt Operations","3.21","Storm Drainage Management Fund","TR","Transfers Out","8 052 439","0","8 441 329,96","8 441 329,96"
"2 016","GNFD","General Fund","0001DEV","Sustainable Dev and Construction GF","2.23","Historic Preservation","PS","Personnel Services","426 814","0","486 809,64","486 809,64"
"2 016","GNFD","General Fund","0001HOU","Housing GF","3.09","Comprehensive Homeless Outreach","PS","Personnel Services","1 694 260","0","1 534 972,66","1 534 972,66"
"2 016","INSV","Internal Service Fund","0196EBS","Equipment Services EBS","5.E","City Fleet Maintenance and Repair Services","RE","Reimbursements","(353 376)","0","(266 673,95)","(266 673,95)"
"2 016","GNFD","General Fund","0001POM","Business Development & Procurement GF","5.1100000000000003","Business Inclusion & Development Compliance Monitoring","QV","Contractual & Other Services","85 562","0","50 615,97","50 615,97"
"2 016","GNFD","General Fund","0001PNV","Planning and Urban Design GF","2.27","Mobility Planning","QM","Supplies & Materials","6 200","0","18 137,81","18 137,81"
"2 016","GNFD","General Fund","0001OCA","Office of Cultural Affairs GF","4.03","Cultural Services Contracts","QM","Supplies & Materials","6 125","0","795 083,51","795 083,51"
"2 016","GNFD","General Fund","0001EBS","Building Services GF","5.29","Energy Procurement and Monitoring","QV","Contractual & Other Services","185 650","0","121 549,71","121 549,71"
"2 016","GNFD","General Fund","0001ICT","Mgmt Services - Internal Control Task Force","5.42","Internal Control Task Force","QM","Supplies & Materials","3 320","0","8 028,97","8 028,97"
"2 016","GNFD","General Fund","0001DPD","Police Department GF","9.99","Department Support","PS","Personnel Services","8 773 015","0","9 661 486,56","9 661 486,56"
"2 016","GNFD","General Fund","0001IGS","Mgmt Services - Intergovernmental Services","5.41","Intergovernmental Services","QM","Supplies & Materials","6 755","0","4 496,58","4 496,58"
"2 016","GNFD","General Fund","0001DFD","Dallas Fire Rescue GF","1.1100000000000001","Fire Investigation & Explosive Ordnance Disposal","PS","Personnel Services","3 674 697","0","3 846 895,6","3 846 895,6"
"2 016","EFOP","Enterprise Operating Fund","0150DEV","Sustainable Dev and Construction - Enterprise","2.33","Private Development Records and Archival Library","PS","Personnel Services","740 790","0","750 707,92","750 707,92"
"2 016","EFOP","Enterprise Operating Fund","0061SDM","Storm Drainage Mgmt Operations","9.99","Department Support","RE","Reimbursements","0","0","(1 583 087)","(1 583 087)"
"2 016","GNFD","General Fund","0001OCA","Office of Cultural Affairs GF","4.0199999999999996","City-Owned Cultural Venues","PS","Personnel Services","2 996 061","0","2 898 366,77","2 898 366,77"
"2 016","GNFD","General Fund","0001PNV","Planning and Urban Design GF","9.99","Department Support","QM","Supplies & Materials","17 611","0","18 360,97","18 360,97"
"2 016","INSV","Internal Service Fund","0198DSV","Information Technology DSV","5.K","Internal Computer Support","TR","Transfers Out","469 048","0","4 859 488,34","4 859 488,34"
"2 016","EFOP","Enterprise Operating Fund","0150DEV","Sustainable Dev and Construction - Enterprise","2.17","Field Inspections of Private Development Construction Sites","PS","Personnel Services","6 617 132","0","5 385 375,69","5 385 375,69"
"2 016","GNFD","General Fund","0001ATT","City Attorney's Office GF","9.99","Department Support","PS","Personnel Services","1 148 042","0","1 143 162,96","1 143 162,96"
"2 016","GNFD","General Fund","0001ICT","Mgmt Services - Internal Control Task Force","5.42","Internal Control Task Force","QV","Contractual & Other Services","16 445","0","24 181,34","24 181,34"
"2 016","INSV","Internal Service Fund","0196EBS","Equipment Services EBS","9.99","Department Support","QM","Supplies & Materials","13 450","0","23 224,34","23 224,34"
"2 016","GNFD","General Fund","0001PKR","Park and Recreation GF","4.04","Golf and Tennis Centers","PS","Personnel Services","2 972 725","0","2 741 650,26","2 741 650,26"
"2 016","GNFD","General Fund","0001EBS","Building Services GF","9.99","Department Support","QM","Supplies & Materials","800","0","509,3","509,3"
"2 016","GNFD","General Fund","0001DPD","Police Department GF","1.31","Police Special Operations","RE","Reimbursements","(11 422 336)","0","(10 973 317,37)","(10 973 317,37)"
"2 017","EFOP","Enterprise Operating Fund","0100DWU","Water Utilities DWU","3.26","Water Conservation","TR","Transfers Out","59 911","0","0","0"
"2 017","GNFD","General Fund","0001CTJ","Judiciary GF","1.04","Community Court","RE","Reimbursements","(32 275)","0","0","0"
"2 017","INSV","Internal Service Fund","0198DSV","Information Technology DSV","5.L","Internal Desktop Support","TR","Transfers Out","224 446","0","0","0"
"2 016","GNFD","General Fund","0001DPD","Police Department GF","1.21","Police Administrative Support","PS","Personnel Services","6 828 909","0","6 571 201,68","6 571 201,68"
"2 017","INSV","Internal Service Fund","0198DSV","Information Technology DSV","5.18","City GIS Services","RE","Reimbursements","(1 048 691)","0","0","0"
"2 016","GNFD","General Fund","0001DFD","Dallas Fire Rescue GF","2.1800000000000002","Fire Inspection for New Construction","QM","Supplies & Materials","13 779","0","13 401,15","13 401,15"
"2 017","GNFD","General Fund","0001OFS","Non-Departmental","5.46","Non-Departmental","RC","Capital Outlay","975 000","0","0","0"
"2 017","GNFD","General Fund","0001CCS","Code Compliance GF","3.1","Consumer Health","RE","Reimbursements","(204 560)","0","0","0"
"2 017","EFOP","Enterprise Operating Fund","0140OCA","Municipal Radio OCA","4.13","WRR Municipal Radio Classical Music","TR","Transfers Out","73 220","0","0","0"
"2 017","GNFD","General Fund","0001OFS","Non-Departmental","2.46","Tax Increment Financing Districts Payments","QV","Contractual & Other Services","34 130 456","0","0","0"
"2 016","GNFD","General Fund","0001PNV","Planning and Urban Design GF","2.2799999999999998","Neighborhood Vitality","QM","Supplies & Materials","15 863","0","23 229,97","23 229,97"
"2 017","GNFD","General Fund","0001CCO","City Controller's Office GF","5.12","Cash and Debt Management","WB","Debt Svc-Interest On Bonds","54 500","0","9 500","9 500"
"2 017","GNFD","General Fund","0001ECO","Economic Development GF","2.4","Small Business Initiatives","RE","Reimbursements","(448 342)","0","0","0"
"2 017","GNFD","General Fund","0001STS","Street Services GF","2.56","Street Resurfacing","QV","Contractual & Other Services","19 040","0","51,46","51,46"
"2 016","GNFD","General Fund","0001DFD","Dallas Fire Rescue GF","1.0900000000000001","Fire and Rescue Emergency Response","PS","Personnel Services","166 222 787","0","171 681 331,69","171 681 331,69"
"2 016","GNFD","General Fund","0001CCS","Code Compliance GF","3.18","Neighborhood Nuisance Abatement","QM","Supplies & Materials","275 429","0","298 314,7","298 314,7"
"2 017","INSV","Internal Service Fund","0198DSV","Information Technology DSV","5.O","Public Safety Technology Support","TR","Transfers Out","104 969","0","0","0"
"2 016","GNFD","General Fund","0001PER","Human Resources GF","5.38","HRIS and HR Payroll Services","PS","Personnel Services","1 174 870","0","977 378,59","977 378,59"
"2 017","INSV","Internal Service Fund","0196EBS","Equipment Services EBS","5.E","City Fleet Maintenance and Repair Services","RC","Capital Outlay","54 990","0","0","0"
"2 017","GNFD","General Fund","RSVTRAN","Reserves & Transfers","5.22","Contingency Reserve","TR","Transfers Out","1 650 000","0","0","0"
"2 017","DSGO","General Obligation Debt Service","0981BMS","Debt Service BMS","8.8800000000000008","Debt Service","QV","Contractual & Other Services","13 495 664","0","0","0"
"2 016","GNFD","General Fund","0001STS","Street Services GF","2.4700000000000002","Traffic Operations Maintenance","PS","Personnel Services","3 611 984","0","3 128 804,02","3 128 804,02"
"2 017","GNFD","General Fund","0001PNV","Planning and Urban Design GF","2.2799999999999998","Neighborhood Vitality","TR","Transfers Out","100 000","0","0","0"
"2 017","GNFD","General Fund","0001PER","Human Resources GF","9.99","Department Support","RE","Reimbursements","(459 243)","0","0","0"
"2 017","GNFD","General Fund","0001BMS","Office of Financial Services GF","9.99","Department Support","RE","Reimbursements","(314 945)","0","(267 439,35)","(267 439,35)"
"2 017","INSV","Internal Service Fund","0199POM","Express Business Center POM","5.B","Business Services","TR","Transfers Out","38 003","0","0","0"
"2 017","EFOP","Enterprise Operating Fund","0061SDM","Storm Drainage Mgmt Operations","9.99","Department Support","QV","Contractual & Other Services","0","0","655,2","655,2"
"2 017","EFOP","Enterprise Operating Fund","0440SAN","Sanitation Operating Fund","3.05","City Facility Services","TR","Transfers Out","7 831","0","0","0"
"2 017","INSV","Internal Service Fund","0198DSV","Information Technology DSV","5.Q","Strategic Technology Management","TR","Transfers Out","355 981","0","0","0"
"2 017","GNFD","General Fund","0001ATT","City Attorney's Office GF","9.99","Department Support","RE","Reimbursements","(1 295 580)","0","0","0"
"2 016","GNFD","General Fund","0001DFD","Dallas Fire Rescue GF","1.1000000000000001","Fire Dispatch and Communications","QM","Supplies & Materials","106 813","0","206 329,02","206 329,02"
"2 017","INSV","Internal Service Fund","0196EBS","Equipment Services EBS","5.H","Environmental Services for City Fleet Operations","TR","Transfers Out","29 033","0","0","0"
"2 017","EFOP","Enterprise Operating Fund","0130AVI","Airport Operations AVI","2.21","Aviation Facilities - Dallas Executive Airport & Vertiport","RE","Reimbursements","(50 000)","0","0","0"
"2 017","GNFD","General Fund","0001CCO","City Controller's Office GF","5.32","Financial Reporting","RE","Reimbursements","(291 165)","0","0","0"
"2 017","INSV","Internal Service Fund","0196EBS","Equipment Services EBS","5.D","City Fleet Asset Management","RE","Reimbursements","(4 962 844)","0","0","0"
"2 016","GNFD","General Fund","0001DPD","Police Department GF","1.26","Police Investigation of Vice Related Crimes","QM","Supplies & Materials","72 416","0","31 684,8","31 684,8"
"2 017","GNFD","General Fund","0001CTS","Court and Detention Services GF","1.17","Municipal Court Services","RE","Reimbursements","(132 275)","0","0","0"
"2 017","GNFD","General Fund","0001IGS","Mgmt Services - Intergovernmental Services","5.41","Intergovernmental Services","RE","Reimbursements","(398 625)","0","0","0"
"2 017","GNFD","General Fund","0001ECO","Economic Development GF","2.11","Dallas Film Commission","RE","Reimbursements","(201 298)","0","0","0"
"2 017","GNFD","General Fund","0001OCA","Office of Cultural Affairs GF","9.99","Department Support","RE","Reimbursements","(398 003)","0","0","0"
"2 016","GNFD","General Fund","0001DPD","Police Department GF","1.29","Police Operational Support","QM","Supplies & Materials","492 764","0","675 798,8","675 798,8"
"2 017","GNFD","General Fund","RSVTRAN","Reserves & Transfers","5.44","Liability/Claims Fund Transfer","QV","Contractual & Other Services","4 282 542","0","0","0"
"2 016","GNFD","General Fund","0001CCS","Code Compliance GF","2.36","Regulation and Enforcement of For Hire Transportation","QM","Supplies & Materials","138 470","0","14 301,29","14 301,29"
"2 017","GNFD","General Fund","0001ECO","Economic Development GF","2.04","Business Development","RE","Reimbursements","(892 173)","0","0","0"
"2 017","INSV","Internal Service Fund","0196EBS","Equipment Services EBS","5.D","City Fleet Asset Management","TR","Transfers Out","85 338","0","0","0"
"2 017","INSV","Internal Service Fund","0198DSV","Information Technology DSV","5.C","Business Technology Services","TR","Transfers Out","314 590","0","0","0"
"2 016","GNFD","General Fund","0001CTJ","Judiciary GF","1.18","Municipal Judges/Cases Docketed","QM","Supplies & Materials","15 869","0","7 355,65","7 355,65"
"2 017","GNFD","General Fund","0001HOU","Housing GF","5.37","Housing Management/Contract Support","RE","Reimbursements","(131 353)","0","0","0"
"2 017","GNFD","General Fund","0001CCO","City Controller's Office GF","9.99","Department Support","RE","Reimbursements","(180 068)","0","0","0"
"2 017","EFOP","Enterprise Operating Fund","0100DWU","Water Utilities DWU","2.54","Water Utilities Capital Program Management","TR","Transfers Out","612 935","0","0","0"
"2 017","EFOP","Enterprise Operating Fund","0440SAN","Sanitation Operating Fund","3.04","Brush/Bulk Waste Removal Services","TR","Transfers Out","473 750","0","0","0"
"2 017","INSV","Internal Service Fund","0196EBS","Equipment Services EBS","5.E","City Fleet Maintenance and Repair Services","TR","Transfers Out","884 302","0","0","0"
"2 016","EFOP","Enterprise Operating Fund","0150DEV","Sustainable Dev and Construction - Enterprise","2.15","Engineering & Inspection Review for Private Development","QM","Supplies & Materials","12 982","0","66 976,01","66 976,01"
"2 017","GNFD","General Fund","0001DFD","Dallas Fire Rescue GF","1.1000000000000001","Fire Dispatch and Communications","RE","Reimbursements","(2 975 000)","0","0","0"
"2 017","EFOP","Enterprise Operating Fund","0100DWU","Water Utilities DWU","5.54","Water Planning, Financial and Rate Services","TR","Transfers Out","96 779","0","0","0"
"2 017","INSV","Internal Service Fund","0196EBS","Equipment Services EBS","5.I","Fuel Procurement and Management","RC","Capital Outlay","25 000","0","0","0"
"2 017","GNFD","General Fund","0001EAD","Mgmt Services - Ethics and Diversity","5.3","Ethics and Diversity","QM","Supplies & Materials","850","0","0","0"
"2 016","GNFD","General Fund","0001DFD","Dallas Fire Rescue GF","2.1800000000000002","Fire Inspection for New Construction","PS","Personnel Services","1 911 979","0","1 980 728,9","1 980 728,9"
"2 017","GNFD","General Fund","0001DFD","Dallas Fire Rescue GF","9.99","Department Support","RE","Reimbursements","(1 728 283)","0","0","0"
"2 016","GNFD","General Fund","0001DPD","Police Department GF",,"NONE","PS","Personnel Services","0","0","4 149,04","4 149,04"
"2 017","GNFD","General Fund","0001STS","Street Services GF","2.56","Street Resurfacing","RE","Reimbursements","(425 499)","0","0","0"
"2 017","OTHO","Other Operating Fund","0278PER","Employee Benefits Administration","5.J","HR Benefits Administration Services","TR","Transfers Out","30 699","0","0","0"
"2 017","EFOP","Enterprise Operating Fund","0150DEV","Sustainable Dev and Construction - Enterprise","2.08","Construction Plan Review and Permitting","TR","Transfers Out","1 266 708","0","0","0"
"2 016","GNFD","General Fund","0001STL","Street Lighting","2.42","Street Lighting","QM","Supplies & Materials","16 158 937","0","16 022 860,85","16 022 860,85"
"2 016","GNFD","General Fund","0001PKR","Park and Recreation GF","4.09","Park Land Maintained","PS","Personnel Services","17 936 426","0","17 868 584,2","17 868 584,2"
"2 016","INSV","Internal Service Fund","0198DSV","Information Technology DSV","5.K","Internal Computer Support","QM","Supplies & Materials","226 252","0","180 777,93","180 777,93"
"2 017","GNFD","General Fund","0001CTJ","Judiciary GF","1.03","Civil Adjudication Court","QM","Supplies & Materials","1 120","0","0","0"
"2 017","GNFD","General Fund","0001STS","Street Services GF","9.99","Department Support","RE","Reimbursements","(1 738 858)","0","0","0"
"2 017","GNFD","General Fund","0001CTJ","Judiciary GF","1.05","Court Security","RE","Reimbursements","(274 168)","0","0","0"
"2 017","EFOP","Enterprise Operating Fund","0100DWU","Water Utilities DWU","3.24","Wastewater Collection","RE","Reimbursements","(1 434 529)","0","0","0"
"2 016","GNFD","General Fund","0001CCS","Code Compliance GF","2.36","Regulation and Enforcement of For Hire Transportation","QV","Contractual & Other Services","437 019","0","457 362,68","457 362,68"
"2 016","GNFD","General Fund","0001DEV","Sustainable Dev and Construction GF","2.35","Real Estate and Relocation","RE","Reimbursements","(1 975 366)","0","(2 435 657,22)","(2 435 657,22)"
"2 016","EFOP","Enterprise Operating Fund","0440SAN","Sanitation Operating Fund","3.05","City Facility Services","QM","Supplies & Materials","4 814","0","10 743,17","10 743,17"
"2 017","EFOP","Enterprise Operating Fund","0100DWU","Water Utilities DWU","9.99","Department Support","RE","Reimbursements","(4 064 829)","0","0","0"
"2 017","EFOP","Enterprise Operating Fund","0100DWU","Water Utilities DWU","2.5299999999999998","Water Production and Delivery","TR","Transfers Out","2 350 353","0","0","0"
"2 017","GNFD","General Fund","0001POM","Business Development & Procurement GF","5.1100000000000003","Business Inclusion & Development Compliance Monitoring","QM","Supplies & Materials","32 542","0","0","0"
"2 017","GNFD","General Fund","0001PER","Human Resources GF","5.39","Human Resource Consulting","RE","Reimbursements","(317 686)","0","0","0"
"2 017","GNFD","General Fund","0001PKR","Park and Recreation GF","4.05","Leisure Venue Management","PS","Personnel Services","231 360","0","14 054,86","14 054,86"
"2 017","EFOP","Enterprise Operating Fund","0150DEV","Sustainable Dev and Construction - Enterprise","2.34","Private Development Survey","QM","Supplies & Materials","6 535","0","0","0"
"2 016","GNFD","General Fund","0001STS","Street Services GF","2.42","Street Lighting","QM","Supplies & Materials","0","0","4 365,1","4 365,1"
"2 016","GNFD","General Fund","0001CCO","City Controller's Office GF","9.99","Department Support","QV","Contractual & Other Services","0","0","27 727,33","27 727,33"
"2 016","GNFD","General Fund","0001STS","Street Services GF","2.39","Service Maintenance Areas","PS","Personnel Services","11 054 875","0","10 654 806,56","10 654 806,56"
"2 017","EFOP","Enterprise Operating Fund","0150DEV","Sustainable Dev and Construction - Enterprise","2.08","Construction Plan Review and Permitting","RC","Capital Outlay","50 000","0","0","0"
"2 017","GNFD","General Fund","0001CMO","City Manager's Office GF","5.14","City Administration","RE","Reimbursements","(597 607)","0","0","0"
"2 017","INSV","Internal Service Fund","0198DSV","Information Technology DSV","5.K","Internal Computer Support","TR","Transfers Out","466 634","0","0","0"
"2 017","GNFD","General Fund","0001STS","Street Services GF","2.39","Service Maintenance Areas","RC","Capital Outlay","0","0","0","0"
"2 017","GNFD","General Fund","0001CCS","Code Compliance GF","9.99","Department Support","RE","Reimbursements","(942 185)","0","0","0"
"2 016","GNFD","General Fund","0001CTS","Court and Detention Services GF","1.17","Municipal Court Services","RE","Reimbursements","(30 784)","0","(68 023,18)","(68 023,18)"
"2 017","EFOP","Enterprise Operating Fund","0100DWU","Water Utilities DWU","3.24","Wastewater Collection","TR","Transfers Out","894 056","0","0","0"
"2 017","GNFD","General Fund","0001CPE","Mgmt Services - Strategic Initiatives","5.13","Center for Performance Excellence","RE","Reimbursements","(313 944)","0","(12 062,5)","(12 062,5)"
"2 016","EFOP","Enterprise Operating Fund","0100DWU","Water Utilities DWU",,"NONE","RC","Capital Outlay","0","0","0","0"
"2 017","OTHO","Other Operating Fund","0195ORM","Office of Risk Management","5.P","Risk Management Services","TR","Transfers Out","129 172","0","0","0"
"2 016","GNFD","General Fund","0001STS","Street Services GF","2.4300000000000002","Street Repair Division - Asphalt","PS","Personnel Services","5 836 374","0","5 610 175,33","5 610 175,33"
"2 017","GNFD","General Fund","0001DFD","Dallas Fire Rescue GF","1.0900000000000001","Fire and Rescue Emergency Response","RE","Reimbursements","(264 000)","0","0","0"
"2 017","EFOP","Enterprise Operating Fund","0061SDM","Storm Drainage Mgmt Operations","3.21","Storm Drainage Management Fund","TR","Transfers Out","6 168 022","0","0","0"
"2 017","GNFD","General Fund","0001AGE","Mgmt Services - Council Agenda","5.15","City Agenda Process","QM","Supplies & Materials","1 000","0","167,06","167,06"
"2 017","GNFD","General Fund","0001IND","Gf - Ind Audit Contract","5.4","Independent Audit","QV","Contractual & Other Services","865 200","0","0","0"
"2 016","GNFD","General Fund","0001CCO","City Controller's Office GF","5.12","Cash and Debt Management","QV","Contractual & Other Services","88 161","0","46 751,46","46 751,46"
"2 017","INSV","Internal Service Fund","0197DSV","Radio Services DSV","5.M","Internal Radio Communication","TR","Transfers Out","137 864","0","0","0"
"2 017","INSV","Internal Service Fund","0196EBS","Equipment Services EBS","5.F","City Fleet Paint and Body Shop Coordination","TR","Transfers Out","7 900","0","0","0"
"2 017","INSV","Internal Service Fund","0198DSV","Information Technology DSV","5.18","City GIS Services","RC","Capital Outlay","32 000","0","0","0"
"2 017","OTHO","Other Operating Fund","0191DSV","9-1-1 System Operations","5.A","9-1-1 Technology/Education Services","TR","Transfers Out","6 205","0","0","0"
"2 017","EFOP","Enterprise Operating Fund","0440SAN","Sanitation Operating Fund","3.19","Recycling Collection and Waste Diversion","TR","Transfers Out","277 985","0","0","0"
"2 016","GNFD","General Fund","0001DPD","Police Department GF","1.22","Police Community Outreach","QM","Supplies & Materials","12 470","0","21 575,05","21 575,05"
"2 017","EFOP","Enterprise Operating Fund","0440SAN","Sanitation Operating Fund","3.16","Landfill Services","TR","Transfers Out","6 734 485","0","0","0"
"2 016","GNFD","General Fund","0001MCC","Mayor and City Council GF","5.03","Administrative Support for the Mayor and City Council","QM","Supplies & Materials","93 644","0","62 765,96","62 765,96"
"2 016","GNFD","General Fund","0001PBW","Public Works GF","2.41","Street Cut and Right-of-Way Management (Cut Control)","RE","Reimbursements","(455 553)","0","(385 218,96)","(385 218,96)"
"2 017","GNFD","General Fund","0001PER","Human Resources GF","5.38","HRIS and HR Payroll Services","RE","Reimbursements","0","0","172 000","172 000"
"2 017","GNFD","General Fund","0001DPD","Police Department GF","1.23","Police Criminal Investigations","TR","Transfers Out","158 337","0","0","0"
"2 017","GNFD","General Fund","0001BAC","Mgmt Services - Boards and Commissions","5.09","Boards and Commissions Liaison","QM","Supplies & Materials","1 500","0","0","0"
"2 017","GNFD","General Fund","0001CVS","Civil Service GF","5.33","Fire Applicant - Physical Abilities Testing","QV","Contractual & Other Services","583","0","0","0"
"2 017","EFOP","Enterprise Operating Fund","0440SAN","Sanitation Operating Fund","3.03","Animal Remains Collection","TR","Transfers Out","35 237","0","0","0"
"2 017","INSV","Internal Service Fund","0196EBS","Equipment Services EBS","5.F","City Fleet Paint and Body Shop Coordination","RE","Reimbursements","(35 000)","0","0","0"
"2 017","GNFD","General Fund","0001PNV","Planning and Urban Design GF","2.3199999999999998","Planning and Design Studio","RE","Reimbursements","(199 102)","0","0","0"
"2 017","GNFD","General Fund","0001ECO","Economic Development GF","2.14","Economic Development Research and Information Services","RE","Reimbursements","(549 691)","0","0","0"
"2 017","EFOP","Enterprise Operating Fund","0100DWU","Water Utilities DWU","5.26","DWU General Expense","PS","Personnel Services","876 946","0","0","0"
"2 016","GNFD","General Fund","0001STS","Street Services GF","2.48","Traffic Safety and Congestion Management","PS","Personnel Services","2 913 701","0","2 718 526,46","2 718 526,46"
"2 017","GNFD","General Fund","0001DPD","Police Department GF","1.31","Police Special Operations","TR","Transfers Out","273 383","0","0","0"
"2 016","GNFD","General Fund","0001CVS","Civil Service GF","5.05","Applicant Processing - Civilian","PS","Personnel Services","662 829","0","645 731,63","645 731,63"
"2 017","INSV","Internal Service Fund","0196EBS","Equipment Services EBS","5.I","Fuel Procurement and Management","TR","Transfers Out","49 516","0","0","0"
"2 017","GNFD","General Fund","0001CCS","Code Compliance GF","9.99","Department Support","PS","Personnel Services","884 895","0","0","0"
"2 016","GNFD","General Fund","0001LIB","Library GF","4.08","Literacy Initiatives, Education & Community Engagement","QV","Contractual & Other Services","7 200","0","19 139,86","19 139,86"
"2 016","GNFD","General Fund","0001DFD","Dallas Fire Rescue GF","1.1000000000000001","Fire Dispatch and Communications","PS","Personnel Services","7 292 906","0","7 728 868,32","7 728 868,32"
"2 017","GNFD","General Fund","0001OEQ","Mgmt Services - Environmental Quaity","3.01","Air Quality Compliance","RE","Reimbursements","(741 278)","0","0","0"
"2 017","EFOP","Enterprise Operating Fund","0100DWU","Water Utilities DWU","2.52","Water Capital Funding","WN","Interest On Notes-Debt Service","10 000","0","0","0"
"2 017","EFOP","Enterprise Operating Fund","0130AVI","Airport Operations AVI","2.12","Dallas Love Field","TR","Transfers Out","835 489","0","0","0"
"2 017","GNFD","General Fund","0001PKR","Park and Recreation GF","4.04","Golf and Tennis Centers","RE","Reimbursements","(357 319)","0","0","0"
"2 016","GNFD","General Fund","0001LIB","Library GF","4.0599999999999996","Library Materials & Collection Management","QM","Supplies & Materials","25 488","0","37 732,67","37 732,67"
"2 017","EFOP","Enterprise Operating Fund","0100DWU","Water Utilities DWU","5.55","Water Utilities Customer Account Services","TR","Transfers Out","1 253 522","0","0","0"
"2 017","GNFD","General Fund","0001ECO","Economic Development GF","2.0099999999999998","Area Redevelopment","RE","Reimbursements","(774 334)","0","0","0"
"2 017","GNFD","General Fund","0001CCS","Code Compliance GF","9.99","Department Support","QV","Contractual & Other Services","57 290","0","0","0"
"2 017","GNFD","General Fund","0001CTJ","Judiciary GF","1.04","Community Court","PS","Personnel Services","96 564","0","0","0"
"2 017","GNFD","General Fund","0001STS","Street Services GF","2.38","Rights-of-Way Maintenance Contracts and Inspections Group","RE","Reimbursements","(954 000)","0","0","0"
"2 017","GNFD","General Fund","0001EBS","Building Services GF","2.0699999999999998","Capital Facilities","RC","Capital Outlay","326 867","0","0","0"
"2 016","GNFD","General Fund","0001DPD","Police Department GF","1.27","Police Investigations of Narcotics Related Crimes","QM","Supplies & Materials","136 196","0","163 919,52","163 919,52"
"2 017","GNFD","General Fund","0001ECO","Economic Development GF","9.99","Department Support","RE","Reimbursements","(916 461)","0","0","0"
"2 016","GNFD","General Fund","0001STS","Street Services GF","2.39","Service Maintenance Areas","RC","Capital Outlay","0","0","49 745","49 745"
"2 017","GNFD","General Fund","0001ECO","Economic Development GF","2.4","Small Business Initiatives","TR","Transfers Out","100 000","0","0","0"
"2 017","GNFD","General Fund","0001CTJ","Judiciary GF","1.05","Court Security","QV","Contractual & Other Services","2 045","0","0","0"
"2 017","GNFD","General Fund","0001BMS","Office of Financial Services GF","5.19","Citywide Capital and Operating Budget Dev and Monitoring","QM","Supplies & Materials","3 000","0","0","0"
"2 017","GNFD","General Fund","0001CTJ","Judiciary GF","1.03","Civil Adjudication Court","QV","Contractual & Other Services","2 150","0","0","0"
"2 017","GNFD","General Fund","0001DPD","Police Department GF","1.1499999999999999","Juvenile Case Managers/First Offender Program","RE","Reimbursements","(481 945)","0","0","0"
"2 016","GNFD","General Fund","0001ATT","City Attorney's Office GF","5.45","Litigation","PS","Personnel Services","4 439 683","0","4 341 980,44","4 341 980,44"
"2 017","INSV","Internal Service Fund","0198DSV","Information Technology DSV","5.N","Internal Telephone and Data Communication","TR","Transfers Out","20 288","0","0","0"
"2 017","GNFD","General Fund","0001ECO","Economic Development GF","2.13","Economic Development Major Projects & Other Programs","RE","Reimbursements","(346 752)","0","0","0"
"2 016","GNFD","General Fund","0001PNV","Planning and Urban Design GF","2.3199999999999998","Planning and Design Studio","QV","Contractual & Other Services","438 133","0,15","589 190,67","589 190,82"
"2 016","EFOP","Enterprise Operating Fund","0061SDM","Storm Drainage Mgmt Operations","2.19","Flood Control","QM","Supplies & Materials","2 663 131","1,08","2 969 513,98","2 969 515,06"
"2 016","GNFD","General Fund","0001PKR","Park and Recreation GF","2.2999999999999998","Operation & Maintenance of Fair Park","QV","Contractual & Other Services","4 581 655","2,54","4 229 145,79","4 229 148,33"
"2 016","GNFD","General Fund","0001LIB","Library GF","4.07","Library Operations & Public Service","QM","Supplies & Materials","1 411 894","4,16","1 548 218,46","1 548 222,62"
"2 017","GNFD","General Fund","0001CTS","Court and Detention Services GF","1.06","Dallas City Marshal","QV","Contractual & Other Services","280 315","7,56","56 491,11","56 498,67"
"2 016","GNFD","General Fund","0001EBS","Building Services GF","3.11","Custodial Maintenance","QV","Contractual & Other Services","1 488 485","9","1 497 746,19","1 497 755,19"
"2 016","GNFD","General Fund","0001STS","Street Services GF","2.44","Street Repair Division - Concrete","QV","Contractual & Other Services","7 736 531","11","13 525 129,96","13 525 140,96"
"2 017","GNFD","General Fund","0001OFS","Non-Departmental","5.35","General Obligation Commercial Paper and Master Lease Program","QV","Contractual & Other Services","19 300 425","13,21","5 006 000,52","5 006 013,73"
"2 016","GNFD","General Fund","0001PNV","Planning and Urban Design GF","2.27","Mobility Planning","QV","Contractual & Other Services","432 604","14,4","448 286,87","448 301,27"
"2 016","GNFD","General Fund","0001STS","Street Services GF","2.39","Service Maintenance Areas","QV","Contractual & Other Services","1 867 198","15","1 918 380,84","1 918 395,84"
"2 017","GNFD","General Fund","0001PNV","Planning and Urban Design GF","2.2799999999999998","Neighborhood Vitality","QM","Supplies & Materials","4 837","20,18","3 686,08","3 706,26"
"2 017","GNFD","General Fund","0001BMS","Office of Financial Services GF","9.99","Department Support","QM","Supplies & Materials","0","22","3 865,11","3 887,11"
"2 017","GNFD","General Fund","0001ATT","City Attorney's Office GF","9.99","Department Support","QM","Supplies & Materials","25 599","24","5 735,36","5 759,36"
"2 017","GNFD","General Fund","0001STS","Street Services GF","2.56","Street Resurfacing","QM","Supplies & Materials","4 949","27,6","75","102,6"
"2 017","GNFD","General Fund","0001ATT","City Attorney's Office GF","1.19","Municipal Prosecution","QM","Supplies & Materials","13 700","32,75","15 289,23","15 321,98"
"2 016","GNFD","General Fund","0001BMS","Office of Financial Services GF","9.99","Department Support","QV","Contractual & Other Services","420","34,99","13 415,87","13 450,86"
"2 017","GNFD","General Fund","0001DEV","Sustainable Dev and Construction GF","2.23","Historic Preservation","QV","Contractual & Other Services","165 309","44,5","31 745,28","31 789,78"
"2 016","GNFD","General Fund","0001DPD","Police Department GF","1.29","Police Operational Support","QV","Contractual & Other Services","3 261 084","50,7","1 183 692,56","1 183 743,26"
"2 017","GNFD","General Fund","0001EAD","Mgmt Services - Ethics and Diversity","5.3","Ethics and Diversity","QV","Contractual & Other Services","23 298","51,46","5 221,8","5 273,26"
"2 016","GNFD","General Fund","0001BMS","Office of Financial Services GF","5.19","Citywide Capital and Operating Budget Dev and Monitoring","QV","Contractual & Other Services","368 369","51,51","391 858,24","391 909,75"
"2 017","GNFD","General Fund","0001STS","Street Services GF","2.27","Mobility Planning","QM","Supplies & Materials","6 200","52","3 428,95","3 480,95"
"2 017","EFOP","Enterprise Operating Fund","0150DEV","Sustainable Dev and Construction - Enterprise","2.15","Engineering & Inspection Review for Private Development","QM","Supplies & Materials","12 606","53,12","8 141,64","8 194,76"
"2 016","GNFD","General Fund","0001CCS","Code Compliance GF","3.17","Neighborhood Code Compliance Services","QM","Supplies & Materials","1 052 201","57","1 009 382,12","1 009 439,12"
"2 017","GNFD","General Fund","0001STS","Street Services GF","2.31","Pavement Management","QV","Contractual & Other Services","44 211","59,42","6 089,28","6 148,7"
"2 016","GNFD","General Fund","0001PKR","Park and Recreation GF","4.09","Park Land Maintained","QV","Contractual & Other Services","8 163 709","60","9 115 311,24","9 115 371,24"
"2 017","GNFD","General Fund","0001ECO","Economic Development GF","2.11","Dallas Film Commission","QM","Supplies & Materials","1 000","62,82","118,41","181,23"
"2 017","GNFD","General Fund","0001ECO","Economic Development GF","2.04","Business Development","QM","Supplies & Materials","15 119","65,89","293,71","359,6"
"2 016","GNFD","General Fund","0001ECO","Economic Development GF","2.04","Business Development","QM","Supplies & Materials","15 119","68,8","3 236,85","3 305,65"
"2 017","EFOP","Enterprise Operating Fund","0061SDM","Storm Drainage Mgmt Operations","2.2000000000000002","Floodplain and Drainage Management","QM","Supplies & Materials","14 542","68,85","6 752,76","6 821,61"
"2 017","GNFD","General Fund","0001HOU","Housing GF","3.09","Comprehensive Homeless Outreach","QM","Supplies & Materials","38 608","74,76","28 465,49","28 540,25"
"2 017","GNFD","General Fund","0001CCO","City Controller's Office GF","9.99","Department Support","QV","Contractual & Other Services","0","75,98","17 729,09","17 805,07"
"2 017","GNFD","General Fund","0001ECO","Economic Development GF","2.14","Economic Development Research and Information Services","QV","Contractual & Other Services","161 340","77,45","20 937,91","21 015,36"
"2 017","OTHO","Other Operating Fund","0286PER","Wellness Program Fund","5.R","Wellness Program","QM","Supplies & Materials","1 000","78,2","0","78,2"
"2 017","GNFD","General Fund","0001CCO","City Controller's Office GF","5.0199999999999996","Accounts Payable","QM","Supplies & Materials","38 645","79,9","17 097,78","17 177,68"
"2 017","GNFD","General Fund","0001ATT","City Attorney's Office GF","1.28","Police Legal Liaison","QV","Contractual & Other Services","88 214","92,62","3 556,11","3 648,73"
"2 017","GNFD","General Fund","0001ATT","City Attorney's Office GF","3.13","Environ Enforcement, Compliance, and Support (Legal Service)","QV","Contractual & Other Services","22 119","92,62","2 379,11","2 471,73"
"2 017","GNFD","General Fund","0001EBS","Building Services GF","1.32","Security Service for City Facilities","QM","Supplies & Materials","140 155","100","12 157,1","12 257,1"
"2 016","GNFD","General Fund","0001ADM","Mgmt Services - Admin","5.01","311 Customer Service Center","QV","Contractual & Other Services","0","101,7","1 054,85","1 156,55"
"2 017","EFOP","Enterprise Operating Fund","0150DEV","Sustainable Dev and Construction - Enterprise","2.4500000000000002","Subdivision Plat Review","QM","Supplies & Materials","5 475","102,28","2 308,22","2 410,5"
"2 017","GNFD","General Fund","0001POM","Business Development & Procurement GF","2.5099999999999998","Vendor Development","QV","Contractual & Other Services","18 761","102,92","5 409,99","5 512,91"
"2 017","GNFD","General Fund","0001ECO","Economic Development GF","2.11","Dallas Film Commission","QV","Contractual & Other Services","163 263","102,92","1 911,87","2 014,79"
"2 016","INSV","Internal Service Fund","0199POM","Express Business Center POM","5.B","Business Services","QV","Contractual & Other Services","232 475","103,16","242 736,36","242 839,52"
"2 017","GNFD","General Fund","0001ADM","Mgmt Services - Admin","5.01","311 Customer Service Center","QV","Contractual & Other Services","1 700","103,39","1 195,27","1 298,66"
"2 017","EFOP","Enterprise Operating Fund","0150DEV","Sustainable Dev and Construction - Enterprise","2.16","Express Plan Review","QM","Supplies & Materials","16 400","113,48","5 311,9","5 425,38"
"2 017","GNFD","General Fund","0001ELE","Elections","5.27","Elections","QV","Contractual & Other Services","1 304 133","119,44","818 139,11","818 258,55"
"2 016","INSV","Internal Service Fund","0198DSV","Information Technology DSV","5.L","Internal Desktop Support","QM","Supplies & Materials","55 000","119,94","13 558,91","13 678,85"
"2 016","GNFD","General Fund","0001STS","Street Services GF","9.99","Department Support","PS","Personnel Services","1 163 701","123,58","2 673 378,08","2 673 501,66"
"2 017","GNFD","General Fund","0001POM","Business Development & Procurement GF","5.49","Purchasing/Contract Management","QM","Supplies & Materials","12 928","123,77","7 595","7 718,77"
"2 017","GNFD","General Fund","0001FHO","Mgmt Services - Fair Housing","5.31","Fair Housing and Human Rights Compliance","QM","Supplies & Materials","0","131,16","18,5","149,66"
"2 017","EFOP","Enterprise Operating Fund","0440SAN","Sanitation Operating Fund","3.03","Animal Remains Collection","QM","Supplies & Materials","55 985","132","14 382,24","14 514,24"
"2 017","GNFD","General Fund","0001ECO","Economic Development GF","2.04","Business Development","QV","Contractual & Other Services","408 193","140,91","86 389,84","86 530,75"
"2 017","GNFD","General Fund","0001SEC","City Secretary's Office GF","5.23","Customer Service","QM","Supplies & Materials","2 181","168,32","77,93","246,25"
"2 016","GNFD","General Fund","0001CCO","City Controller's Office GF","5.32","Financial Reporting","QM","Supplies & Materials","5 650","169","29 168,63","29 337,63"
"2 016","GNFD","General Fund","0001SEC","City Secretary's Office GF","5.16","City Council Support","QM","Supplies & Materials","6 449","169,05","27 418,23","27 587,28"
"2 016","GNFD","General Fund","0001OEM","Mgmt Services - Emergency Management","1.07","Emergency Management Operations","QV","Contractual & Other Services","330 727","180,6","311 310,53","311 491,13"
"2 017","GNFD","General Fund","0001LIB","Library GF","4.0599999999999996","Library Materials & Collection Management","QM","Supplies & Materials","34 335","195,62","19 554,22","19 749,84"
"2 016","GNFD","General Fund","0001EBS","Building Services GF","3.11","Custodial Maintenance","QM","Supplies & Materials","242 428","203,63","252 949,71","253 153,34"
"2 017","EFOP","Enterprise Operating Fund","0080CCT","Convention Center CCT","2.5","Union Station","QM","Supplies & Materials","356 500","218,13","138 788,21","139 006,34"
"2 016","GNFD","General Fund","0001EBS","Building Services GF","5.17","City Facility Operation, Maintenance and Repair","PS","Personnel Services","8 387 598","240,8","9 550 009,66","9 550 250,46"
"2 016","EFOP","Enterprise Operating Fund","0100DWU","Water Utilities DWU","5.18","City GIS Services","QV","Contractual & Other Services","142 417","247,79","125 919,73","126 167,52"
"2 017","GNFD","General Fund","0001SEC","City Secretary's Office GF","5.07","Archives","QM","Supplies & Materials","1 150","249,2","605,07","854,27"
"2 016","GNFD","General Fund","0001CTS","Court and Detention Services GF","1.06","Dallas City Marshal","QV","Contractual & Other Services","184 045","266,4","132 913,85","133 180,25"
"2 017","GNFD","General Fund","0001STS","Street Services GF","2.31","Pavement Management","QM","Supplies & Materials","4 150","266,89","3 159,92","3 426,81"
"2 017","GNFD","General Fund","0001ECO","Economic Development GF","2.4","Small Business Initiatives","QM","Supplies & Materials","5 911","307,2","1 234,85","1 542,05"
"2 017","GNFD","General Fund","0001POM","Business Development & Procurement GF","5.1100000000000003","Business Inclusion & Development Compliance Monitoring","QV","Contractual & Other Services","83 879","307,44","49 247,6","49 555,04"
"2 017","GNFD","General Fund","0001STS","Street Services GF","2.57","Street Forestry Division","QV","Contractual & Other Services","49 500","313,74","0","313,74"
"2 016","GNFD","General Fund","0001CCS","Code Compliance GF","3.1","Consumer Health","QM","Supplies & Materials","150 837","315,75","185 351,72","185 667,47"
"2 016","GNFD","General Fund","0001PBW","Public Works GF","2.2599999999999998","Interagency and Transportation Administration","QV","Contractual & Other Services","267 903","325","199 934,07","200 259,07"
"2 017","GNFD","General Fund","0001OCA","Office of Cultural Affairs GF","9.99","Department Support","QV","Contractual & Other Services","0","337,53","1 985,57","2 323,1"
"2 017","INSV","Internal Service Fund","0199POM","Express Business Center POM","5.G","Disposal of Surplus and Police Unclaimed Property","QM","Supplies & Materials","7 329","348,95","3 265,22","3 614,17"
"2 017","EFOP","Enterprise Operating Fund","0100DWU","Water Utilities DWU","5.55","Water Utilities Customer Account Services","PS","Personnel Services","15 329 486","351,5","7 647 540,27","7 647 891,77"
"2 016","GNFD","General Fund","0001BMS","Office of Financial Services GF","5.36","Grant Administration","QV","Contractual & Other Services","235 184","354,39","145 067,12","145 421,51"
"2 016","GNFD","General Fund","0001CTS","Court and Detention Services GF","1.06","Dallas City Marshal","PS","Personnel Services","2 194 573","363,12","2 273 520,6","2 273 883,72"
"2 016","OTHO","Other Operating Fund","0195ORM","Office of Risk Management","5.P","Risk Management Services","QV","Contractual & Other Services","308 865","370,87","324 307,94","324 678,81"
"2 017","GNFD","General Fund","0001CVS","Civil Service GF","5.05","Applicant Processing - Civilian","QM","Supplies & Materials","8 700","385,43","3 165,87","3 551,3"
"2 017","GNFD","General Fund","0001PER","Human Resources GF","5.39","Human Resource Consulting","QM","Supplies & Materials","10 405","391,05","2 164,75","2 555,8"
"2 016","GNFD","General Fund","0001CTS","Court and Detention Services GF","1.02","City Detention Center","QM","Supplies & Materials","48 147","392,7","34 032,45","34 425,15"
"2 017","GNFD","General Fund","0001CMO","City Manager's Office GF","5.14","City Administration","QM","Supplies & Materials","4 500","412,5","2 907,44","3 319,94"
"2 017","GNFD","General Fund","0001EBS","Building Services GF","3.11","Custodial Maintenance","QM","Supplies & Materials","214 429","415,64","251 664,27","252 079,91"
"2 017","EFOP","Enterprise Operating Fund","0100DWU","Water Utilities DWU","3.26","Water Conservation","PS","Personnel Services","978 249","415,95","400 708,41","401 124,36"
"2 016","GNFD","General Fund","0001DFD","Dallas Fire Rescue GF","1.33","Special Operations","QV","Contractual & Other Services","295 826","426,6","380 876,98","381 303,58"
"2 016","GNFD","General Fund","0001OCA","Office of Cultural Affairs GF","4.0199999999999996","City-Owned Cultural Venues","QM","Supplies & Materials","3 311 771","450,82","1 760 267,66","1 760 718,48"
"2 017","GNFD","General Fund","0001CVS","Civil Service GF","5.0599999999999996","Applicant Processing - Uniform","QM","Supplies & Materials","4 800","475,72","2 665,13","3 140,85"
"2 017","GNFD","General Fund","0001PIO","Mgmt Services - Public Information Office","5.48","Public Information Office / Communications & Broadcasting","QV","Contractual & Other Services","175 619","480,26","52 696,82","53 177,08"
"2 016","INSV","Internal Service Fund","0196EBS","Equipment Services EBS","5.I","Fuel Procurement and Management","QV","Contractual & Other Services","1 057 312","492,94","1 659 600,87","1 660 093,81"
"2 017","GNFD","General Fund","0001ATT","City Attorney's Office GF","5.34","General Counsel","QM","Supplies & Materials","12 299","495","12 214,71","12 709,71"
"2 017","INSV","Internal Service Fund","0198DSV","Information Technology DSV","5.C","Business Technology Services","QM","Supplies & Materials","70 000","510","18 629,28","19 139,28"
"2 016","GNFD","General Fund","0001PNV","Planning and Urban Design GF","9.99","Department Support","QV","Contractual & Other Services","4 000","512,5","451 925,39","452 437,89"
"2 017","GNFD","General Fund","0001CPE","Mgmt Services - Strategic Initiatives","5.13","Center for Performance Excellence","QM","Supplies & Materials","112 466","522,4","4 425,02","4 947,42"
"2 016","EFOP","Enterprise Operating Fund","0130AVI","Airport Operations AVI","2.21","Aviation Facilities - Dallas Executive Airport & Vertiport","PS","Personnel Services","1 062 114","549,99","509 568,99","510 118,98"
"2 017","GNFD","General Fund","0001STS","Street Services GF","2.27","Mobility Planning","QV","Contractual & Other Services","576 663","578,12","7 689,42","8 267,54"
"2 017","INSV","Internal Service Fund","0196EBS","Equipment Services EBS","9.99","Department Support","QM","Supplies & Materials","13 615","585,44","11 688,37","12 273,81"
"2 017","OTHO","Other Operating Fund","0286PER","Wellness Program Fund","5.R","Wellness Program","QV","Contractual & Other Services","13 276","595","5 240,7","5 835,7"
"2 017","EFOP","Enterprise Operating Fund","0164AVI","Transportation Regulation","2.36","Regulation and Enforcement of For Hire Transportation","QM","Supplies & Materials","144 174","600","3 277,71","3 877,71"
"2 016","EFOP","Enterprise Operating Fund","0100DWU","Water Utilities DWU","5.55","Water Utilities Customer Account Services","QM","Supplies & Materials","5 215 792","628,96","2 620 992,36","2 621 621,32"
"2 017","INSV","Internal Service Fund","0196EBS","Equipment Services EBS","5.H","Environmental Services for City Fleet Operations","QM","Supplies & Materials","67 726","631,94","2 509,06","3 141"
"2 016","GNFD","General Fund","0001CCO","City Controller's Office GF","5.0199999999999996","Accounts Payable","PS","Personnel Services","887 770","673,39","840 755,78","841 429,17"
"2 017","OTHO","Other Operating Fund","0278PER","Employee Benefits Administration","5.J","HR Benefits Administration Services","QM","Supplies & Materials","15 685","675","9 029,05","9 704,05"
"2 017","EFOP","Enterprise Operating Fund","0100DWU","Water Utilities DWU","3.25","Wastewater Treatment","PS","Personnel Services","18 560 609","683,11","8 959 404,97","8 960 088,08"
"2 017","GNFD","General Fund","0001CTS","Court and Detention Services GF","1.02","City Detention Center","QV","Contractual & Other Services","75 241","735","6 417,67","7 152,67"
"2 017","EFOP","Enterprise Operating Fund","0100DWU","Water Utilities DWU","9.99","Department Support","PS","Personnel Services","2 887 024","764,02","1 357 763,16","1 358 527,18"
"2 016","EFOP","Enterprise Operating Fund","0150DEV","Sustainable Dev and Construction - Enterprise","2.17","Field Inspections of Private Development Construction Sites","QV","Contractual & Other Services","1 967 854","775","3 812 371,51","3 813 146,51"
"2 017","GNFD","General Fund","0001DFD","Dallas Fire Rescue GF","2.1800000000000002","Fire Inspection for New Construction","QV","Contractual & Other Services","62 267","775","33 709,76","34 484,76"
"2 017","GNFD","General Fund","0001CVS","Civil Service GF","5.05","Applicant Processing - Civilian","QV","Contractual & Other Services","115 338","779,45","128 448,51","129 227,96"
"2 017","GNFD","General Fund","0001ATT","City Attorney's Office GF","3.07","Community Prosecution & Community Courts","QM","Supplies & Materials","57 617","831,52","13 337,07","14 168,59"
"2 017","EFOP","Enterprise Operating Fund","0150DEV","Sustainable Dev and Construction - Enterprise","2.33","Private Development Records and Archival Library","QV","Contractual & Other Services","266 791","840,32","7 729,87","8 570,19"
"2 016","GNFD","General Fund","0001DPD","Police Department GF","1.2","Police Academy and In-service Training","QV","Contractual & Other Services","1 722 191","844,02","2 277 539,37","2 278 383,39"
"2 017","EFOP","Enterprise Operating Fund","0100DWU","Water Utilities DWU","2.54","Water Utilities Capital Program Management","PS","Personnel Services","11 095 540","882,83","5 397 900,16","5 398 782,99"
"2 017","GNFD","General Fund","0001DPD","Police Department GF","1.26","Police Investigation of Vice Related Crimes","QV","Contractual & Other Services","202 388","897,68","17 104,24","18 001,92"
"2 017","GNFD","General Fund","0001BAC","Mgmt Services - Boards and Commissions","5.09","Boards and Commissions Liaison","QV","Contractual & Other Services","8 556","897,68","2 467,72","3 365,4"
"2 017","GNFD","General Fund","0001STS","Street Services GF","2.2599999999999998","Interagency and Transportation Administration","QV","Contractual & Other Services","124 467","913,88","10 313,9","11 227,78"
"2 017","GNFD","General Fund","0001EMS","Mgmt Services - EMS Compliance","5.28","EMS Compliance Program","QV","Contractual & Other Services","250 925","913,88","9 184,14","10 098,02"
"2 017","GNFD","General Fund","0001OCA","Office of Cultural Affairs GF","4.1100000000000003","Public Art for Dallas","QM","Supplies & Materials","1 959","915","424,6","1 339,6"
"2 017","GNFD","General Fund","0001PNV","Planning and Urban Design GF","2.2799999999999998","Neighborhood Vitality","QV","Contractual & Other Services","419 479","991,16","19 989","20 980,16"
"2 017","INSV","Internal Service Fund","0198DSV","Information Technology DSV","5.18","City GIS Services","QV","Contractual & Other Services","134 489","991,16","74 593,66","75 584,82"
"2 017","GNFD","General Fund","0001PNV","Planning and Urban Design GF","2.3199999999999998","Planning and Design Studio","QM","Supplies & Materials","36 450","1 019,31","2 854,31","3 873,62"
"2 017","EFOP","Enterprise Operating Fund","0150DEV","Sustainable Dev and Construction - Enterprise","2.2200000000000002","GIS Mapping for Private Development","QM","Supplies & Materials","4 675","1 032,49","1 596,45","2 628,94"
"2 016","EFOP","Enterprise Operating Fund","0100DWU","Water Utilities DWU","2.52","Water Capital Funding","WB","Debt Svc-Interest On Bonds","29 300 000","1 036,73","27 194 446,05","27 195 482,78"
"2 016","GNFD","General Fund","0001CCO","City Controller's Office GF","5.12","Cash and Debt Management","WB","Debt Svc-Interest On Bonds","48 294","1 036,73","22 194,27","23 231"
"2 017","GNFD","General Fund","0001ATT","City Attorney's Office GF","3.06","Code Litigation","QV","Contractual & Other Services","138 766","1 246,92","10 117,09","11 364,01"
"2 016","GNFD","General Fund","0001DPD","Police Department GF","1.23","Police Criminal Investigations","QV","Contractual & Other Services","6 224 439","1 262,41","8 098 056,58","8 099 318,99"
"2 017","GNFD","General Fund","0001ECO","Economic Development GF","9.99","Department Support","QM","Supplies & Materials","0","1 293,9","6 389,29","7 683,19"
"2 016","EFOP","Enterprise Operating Fund","0140OCA","Municipal Radio OCA","4.13","WRR Municipal Radio Classical Music","QV","Contractual & Other Services","621 472","1 393,98","651 725,6","653 119,58"
"2 016","GNFD","General Fund","0001EBS","Building Services GF","1.32","Security Service for City Facilities","QM","Supplies & Materials","72 427","1 399,38","21 529,95","22 929,33"
"2 017","GNFD","General Fund","0001PER","Human Resources GF","5.38","HRIS and HR Payroll Services","QV","Contractual & Other Services","666 665","1 411,48","242 475,09","243 886,57"
"2 017","OTHO","Other Operating Fund","0278PER","Employee Benefits Administration","5.J","HR Benefits Administration Services","QV","Contractual & Other Services","333 296","1 411,48","49 796,93","51 208,41"
"2 017","GNFD","General Fund","0001CVS","Civil Service GF","5.0599999999999996","Applicant Processing - Uniform","QV","Contractual & Other Services","75 035","1 411,48","11 564,78","12 976,26"
"2 017","GNFD","General Fund","0001DFD","Dallas Fire Rescue GF","1.1399999999999999","Inspection and Life Safety Education","QV","Contractual & Other Services","229 284","1 411,48","78 993,41","80 404,89"
"2 016","GNFD","General Fund","0001STS","Street Services GF","2.39","Service Maintenance Areas","QM","Supplies & Materials","1 722 490","1 426","1 637 055,88","1 638 481,88"
"2 017","GNFD","General Fund","0001EBS","Building Services GF","2.0699999999999998","Capital Facilities","QV","Contractual & Other Services","220 840","1 444,26","19 971,56","21 415,82"
"2 016","GNFD","General Fund","0001EBS","Building Services GF","5.17","City Facility Operation, Maintenance and Repair","QM","Supplies & Materials","1 785 573","1 608,11","2 454 012,39","2 455 620,5"
"2 017","GNFD","General Fund","0001HOU","Housing GF","2.2400000000000002","Home Ownership/Development","QM","Supplies & Materials","5 598","1 643,52","7 122,1","8 765,62"
"2 016","EFOP","Enterprise Operating Fund","0150DEV","Sustainable Dev and Construction - Enterprise","2.5499999999999998","Zoning & Board of Adjustment","QM","Supplies & Materials","33 644","1 680","34 110,8","35 790,8"
"2 017","GNFD","General Fund","0001CVS","Civil Service GF","5.04","Analysis/Development and Validation","QV","Contractual & Other Services","123 857","1 743,99","4 730,43","6 474,42"
"2 016","GNFD","General Fund","0001LIB","Library GF","4.07","Library Operations & Public Service","QV","Contractual & Other Services","3 554 143","1 746","4 235 376,97","4 237 122,97"
"2 017","GNFD","General Fund","0001EBS","Building Services GF","9.99","Department Support","QV","Contractual & Other Services","37 528","1 750,62","17 669,91","19 420,53"
"2 017","GNFD","General Fund","0001CCO","City Controller's Office GF","5.24","Deferred Compensation","QV","Contractual & Other Services","47 474","1 754,2","3 989,12","5 743,32"
"2 017","GNFD","General Fund","0001SEC","City Secretary's Office GF","5.16","City Council Support","QM","Supplies & Materials","6 449","1 844,25","2 678,26","4 522,51"
"2 017","GNFD","General Fund","0001IGS","Mgmt Services - Intergovernmental Services","5.41","Intergovernmental Services","QV","Contractual & Other Services","198 471","1 890,62","75 688","77 578,62"
"2 016","EFOP","Enterprise Operating Fund","0100DWU","Water Utilities DWU","3.26","Water Conservation","QM","Supplies & Materials","114 000","1 920","77 165,38","79 085,38"
"2 017","EFOP","Enterprise Operating Fund","0150DEV","Sustainable Dev and Construction - Enterprise","2.16","Express Plan Review","QV","Contractual & Other Services","22 700","1 950,55","12 096,97","14 047,52"
"2 016","INSV","Internal Service Fund","0197DSV","Radio Services DSV","5.M","Internal Radio Communication","QV","Contractual & Other Services","2 351 311","1 954,35","2 279 041,17","2 280 995,52"
"2 016","INSV","Internal Service Fund","0196EBS","Equipment Services EBS","5.E","City Fleet Maintenance and Repair Services","QV","Contractual & Other Services","6 909 099","2 004,07","9 694 534,2","9 696 538,27"
"2 017","EFOP","Enterprise Operating Fund","0100DWU","Water Utilities DWU","9.99","Department Support","QM","Supplies & Materials","103 952","2 040,97","11 671,77","13 712,74"
"2 017","GNFD","General Fund","0001STS","Street Services GF","2.57","Street Forestry Division","QM","Supplies & Materials","37 500","2 065,59","0","2 065,59"
"2 017","EFOP","Enterprise Operating Fund","0100DWU","Water Utilities DWU","2.5299999999999998","Water Production and Delivery","PS","Personnel Services","34 627 608","2 140,7","17 321 632,54","17 323 773,24"
"2 016","GNFD","General Fund","0001CCS","Code Compliance GF","3.12","Dallas Animal Services","QM","Supplies & Materials","943 574","2 180,71","1 171 907,95","1 174 088,66"
"2 017","GNFD","General Fund","0001ATT","City Attorney's Office GF","3.07","Community Prosecution & Community Courts","QV","Contractual & Other Services","272 539","2 197,23","47 353,16","49 550,39"
"2 016","GNFD","General Fund","0001DFD","Dallas Fire Rescue GF","1.1399999999999999","Inspection and Life Safety Education","QM","Supplies & Materials","393 773","2 225","309 931,32","312 156,32"
"2 017","GNFD","General Fund","0001HOU","Housing GF","2.2400000000000002","Home Ownership/Development","QV","Contractual & Other Services","433 931","2 309,16","24 160,53","26 469,69"
"2 017","INSV","Internal Service Fund","0198DSV","Information Technology DSV",,"NONE","QM","Supplies & Materials","0","2 390","(2 390)","0"
"2 016","EFOP","Enterprise Operating Fund","0100DWU","Water Utilities DWU","9.99","Department Support","QM","Supplies & Materials","102 152","2 415","23 454,87","25 869,87"
"2 016","GNFD","General Fund","0001EBS","Building Services GF","3.11","Custodial Maintenance","PS","Personnel Services","1 743 394","2 440,31","1 702 390,37","1 704 830,68"
"2 017","GNFD","General Fund","0001OEQ","Mgmt Services - Environmental Quaity","3.01","Air Quality Compliance","QM","Supplies & Materials","29 555","2 601","6 700,61","9 301,61"
"2 016","GNFD","General Fund","0001DPD","Police Department GF","1.31","Police Special Operations","QM","Supplies & Materials","1 265 056","2 655,7","628 818,48","631 474,18"
"2 016","GNFD","General Fund","0001CCO","City Controller's Office GF","5.12","Cash and Debt Management","PS","Personnel Services","527 975","2 677,2","522 321,23","524 998,43"
"2 017","GNFD","General Fund","0001HOU","Housing GF","5.37","Housing Management/Contract Support","QM","Supplies & Materials","2 000","2 728,48","8 316,69","11 045,17"
"2 016","EFOP","Enterprise Operating Fund","0100DWU","Water Utilities DWU","3.24","Wastewater Collection","QV","Contractual & Other Services","1 873 129","2 749","1 661 458,01","1 664 207,01"
"2 017","INSV","Internal Service Fund","0196EBS","Equipment Services EBS","5.D","City Fleet Asset Management","QV","Contractual & Other Services","1 720 471","2 778,87","131 561,67","134 340,54"
"2 016","EFOP","Enterprise Operating Fund","0100DWU","Water Utilities DWU","2.52","Water Capital Funding","QV","Contractual & Other Services","5 500 000","2 786,46","745 516,98","748 303,44"
"2 016","GNFD","General Fund","0001CTS","Court and Detention Services GF","1.17","Municipal Court Services","QM","Supplies & Materials","291 842","2 790,72","243 208,05","245 998,77"
"2 017","GNFD","General Fund","0001AUD","City Auditor's Office GF","5.08","Audits, Attestations and Investigations","QV","Contractual & Other Services","216 761","2 846,09","70 324,16","73 170,25"
"2 017","EFOP","Enterprise Operating Fund","0150DEV","Sustainable Dev and Construction - Enterprise","2.4500000000000002","Subdivision Plat Review","QV","Contractual & Other Services","136 805","2 869,25","22 778,8","25 648,05"
"2 017","GNFD","General Fund","0001CSC","Mgmt Services - 311 Customer Service Center","5.01","311 Customer Service Center","QM","Supplies & Materials","21 959","2 874,84","9 246,85","12 121,69"
"2 017","GNFD","General Fund","0001DFD","Dallas Fire Rescue GF","1.1100000000000001","Fire Investigation & Explosive Ordnance Disposal","QV","Contractual & Other Services","525 478","2 884,57","70 865,58","73 750,15"
"2 017","GNFD","General Fund","0001CTS","Court and Detention Services GF","3.15","Illegal Dump Team - Criminal Investigations and Arrests","QM","Supplies & Materials","22 277","2 963,26","15 023,48","17 986,74"
"2 017","GNFD","General Fund","0001OEQ","Mgmt Services - Environmental Quaity","3.01","Air Quality Compliance","QV","Contractual & Other Services","95 057","3 016,27","14 480,34","17 496,61"
"2 017","GNFD","General Fund","0001EBS","Building Services GF","2.0299999999999998","Bullington Truck Terminal and Thanksgiving Square","QV","Contractual & Other Services","439 719","3 067,48","406 954,09","410 021,57"
"2 016","GNFD","General Fund","0001TWM","Trinity Watershed Management GF","2.4900000000000002","Trinity River Corridor Operations","QV","Contractual & Other Services","432 916","3 142,5","310 061,61","313 204,11"
"2 017","GNFD","General Fund","0001BMS","Office of Financial Services GF","5.36","Grant Administration","QM","Supplies & Materials","7 202","3 159,66","6 986,97","10 146,63"
"2 016","GNFD","General Fund","0001STS","Street Services GF","9.99","Department Support","QM","Supplies & Materials","61 426","3 211,46","198 316,17","201 527,63"
"2 016","GNFD","General Fund","0001EBS","Building Services GF","1.32","Security Service for City Facilities","QV","Contractual & Other Services","1 353 438","3 281","1 441 231,19","1 444 512,19"
"2 017","GNFD","General Fund","0001DPD","Police Department GF","1.3","Police Recruiting and Personnel Service","QM","Supplies & Materials","98 354","3 285,13","60 845,77","64 130,9"
"2 017","INSV","Internal Service Fund","0198DSV","Information Technology DSV","5.Q","Strategic Technology Management","QM","Supplies & Materials","446 300","3 288,37","5 740,02","9 028,39"
"2 016","EFOP","Enterprise Operating Fund","0150DEV","Sustainable Dev and Construction - Enterprise","2.08","Construction Plan Review and Permitting","QM","Supplies & Materials","340 058","3 297,4","669 795,9","673 093,3"
"2 017","GNFD","General Fund","0001CVS","Civil Service GF","5.2","Civil Service Board Administration/Employee Appeals Process","QV","Contractual & Other Services","82 273","3 305,23","12 911,1","16 216,33"
"2 016","GNFD","General Fund","0001CCO","City Controller's Office GF","5.47","Payroll","PS","Personnel Services","478 727","3 368,83","552 009,49","555 378,32"
"2 017","GNFD","General Fund","0001ATT","City Attorney's Office GF","1.19","Municipal Prosecution","QV","Contractual & Other Services","347 011","3 493,7","13 868,1","17 361,8"
"2 016","GNFD","General Fund","0001DPD","Police Department GF","1.2","Police Academy and In-service Training","QM","Supplies & Materials","314 647","3 538,65","835 163,76","838 702,41"
"2 017","GNFD","General Fund","0001STS","Street Services GF","5.43","Land Surveying Services","QV","Contractual & Other Services","75 945","3 643,06","17 989,38","21 632,44"
"2 017","GNFD","General Fund","0001DPD","Police Department GF","1.25","Police Intelligence","QM","Supplies & Materials","62 509","3 709,35","37 898,29","41 607,64"
"2 017","GNFD","General Fund","0001CMO","City Manager's Office GF","5.14","City Administration","QV","Contractual & Other Services","121 792","3 782,05","44 802,43","48 584,48"
"2 017","GNFD","General Fund","0001PIO","Mgmt Services - Public Information Office","5.48","Public Information Office / Communications & Broadcasting","QM","Supplies & Materials","108 446","3 807,21","10 750,29","14 557,5"
"2 017","GNFD","General Fund","0001DPD","Police Department GF","1.22","Police Community Outreach","QV","Contractual & Other Services","97 420","3 913,34","43 482,2","47 395,54"
"2 016","EFOP","Enterprise Operating Fund","0100DWU","Water Utilities DWU","5.53","Vital Statistics","QV","Contractual & Other Services","329 256","3 945,85","203 214,17","207 160,02"
"2 017","GNFD","General Fund","0001EBS","Building Services GF","2.0699999999999998","Capital Facilities","QM","Supplies & Materials","10 843","3 967,05","7 408,44","11 375,49"
"2 017","GNFD","General Fund","0001DPD","Police Department GF","1.27","Police Investigations of Narcotics Related Crimes","QV","Contractual & Other Services","709 384","3 996","53 955,72","57 951,72"
"2 016","GNFD","General Fund","0001EBS","Building Services GF","5.17","City Facility Operation, Maintenance and Repair","QV","Contractual & Other Services","3 694 201","4 034,4","4 407 539,9","4 411 574,3"
"2 017","GNFD","General Fund","0001EBS","Building Services GF","2.0299999999999998","Bullington Truck Terminal and Thanksgiving Square","QM","Supplies & Materials","164 064","4 050,75","104 841,04","108 891,79"
"2 016","GNFD","General Fund","0001DPD","Police Department GF","1.23","Police Criminal Investigations","QM","Supplies & Materials","508 796","4 054","558 158,93","562 212,93"
"2 016","GNFD","General Fund","0001CTS","Court and Detention Services GF","1.17","Municipal Court Services","QV","Contractual & Other Services","1 522 990","4 144,2","1 666 639,59","1 670 783,79"
"2 017","GNFD","General Fund","0001ATT","City Attorney's Office GF","5.34","General Counsel","QV","Contractual & Other Services","727 226","4 163,21","38 149,52","42 312,73"
"2 017","GNFD","General Fund","0001SEC","City Secretary's Office GF","5.16","City Council Support","QV","Contractual & Other Services","142 008","4 200,35","123 390,3","127 590,65"
"2 016","GNFD","General Fund","0001TWM","Trinity Watershed Management GF","2.4900000000000002","Trinity River Corridor Operations","QM","Supplies & Materials","30 150","4 295,44","67 788,85","72 084,29"
"2 017","GNFD","General Fund","0001CCO","City Controller's Office GF","5.32","Financial Reporting","QM","Supplies & Materials","5 851","4 331,65","6 443,87","10 775,52"
"2 017","EFOP","Enterprise Operating Fund","0100DWU","Water Utilities DWU","5.54","Water Planning, Financial and Rate Services","QM","Supplies & Materials","234 550","4 421,66","35 537,84","39 959,5"
"2 016","INSV","Internal Service Fund","0196EBS","Equipment Services EBS","5.F","City Fleet Paint and Body Shop Coordination","QV","Contractual & Other Services","1 118 281","4 433,1","1 345 560,82","1 349 993,92"
"2 017","EFOP","Enterprise Operating Fund","0130AVI","Airport Operations AVI","2.21","Aviation Facilities - Dallas Executive Airport & Vertiport","QM","Supplies & Materials","977 031","4 499,59","74 311,79","78 811,38"
"2 016","EFOP","Enterprise Operating Fund","0080CCT","Convention Center CCT","2.1","Dallas Convention Center","QV","Contractual & Other Services","39 124 346","4 513,35","40 281 457,59","40 285 970,94"
"2 017","GNFD","General Fund","0001HOU","Housing GF","5.37","Housing Management/Contract Support","QV","Contractual & Other Services","20 038","4 518,4","71 595,59","76 113,99"
"2 017","EFOP","Enterprise Operating Fund","0140OCA","Municipal Radio OCA","4.13","WRR Municipal Radio Classical Music","QM","Supplies & Materials","89 509","4 772,48","41 708,61","46 481,09"
"2 017","GNFD","General Fund","0001STS","Street Services GF","2.0499999999999998","Capital and Implementation Program","QM","Supplies & Materials","35 573","4 774,4","36 196,55","40 970,95"
"2 017","GNFD","General Fund","0001POM","Business Development & Procurement GF","5.49","Purchasing/Contract Management","QV","Contractual & Other Services","271 867","4 848,89","116 428,93","121 277,82"
"2 016","INSV","Internal Service Fund","0196EBS","Equipment Services EBS","5.E","City Fleet Maintenance and Repair Services","QM","Supplies & Materials","12 293 485","4 946,51","9 555 963,01","9 560 909,52"
"2 016","GNFD","General Fund","0001ECO","Economic Development GF","2.04","Business Development","QV","Contractual & Other Services","448 623","5 190","312 818,31","318 008,31"
"2 017","GNFD","General Fund","0001PNV","Planning and Urban Design GF","9.99","Department Support","QM","Supplies & Materials","18 105","5 309","2 863,06","8 172,06"
"2 017","EFOP","Enterprise Operating Fund","0150DEV","Sustainable Dev and Construction - Enterprise","2.17","Field Inspections of Private Development Construction Sites","QM","Supplies & Materials","187 481","5 490,73","63 878,73","69 369,46"
"2 017","GNFD","General Fund","0001MCC","Mayor and City Council GF","5.03","Administrative Support for the Mayor and City Council","QM","Supplies & Materials","92 244","5 785,61","30 390,53","36 176,14"
"2 017","GNFD","General Fund","0001HOU","Housing GF","3.08","Community/Senior Services","QM","Supplies & Materials","202 321","5 934,86","21 683,86","27 618,72"
"2 017","INSV","Internal Service Fund","0198DSV","Information Technology DSV","5.K","Internal Computer Support","QM","Supplies & Materials","213 394","5 937,94","86 856,04","92 793,98"
"2 016","GNFD","General Fund","0001CTS","Court and Detention Services GF","3.15","Illegal Dump Team - Criminal Investigations and Arrests","QV","Contractual & Other Services","68 456","6 000","107 033,73","113 033,73"
"2 016","EFOP","Enterprise Operating Fund","0440SAN","Sanitation Operating Fund","3.16","Landfill Services","RC","Capital Outlay","0","6 200","332 278,77","338 478,77"
"2 017","GNFD","General Fund","0001BMS","Office of Financial Services GF","9.99","Department Support","QV","Contractual & Other Services","0","6 536,67","6 294,13","12 830,8"
"2 017","GNFD","General Fund","0001STS","Street Services GF","9.99","Department Support","QM","Supplies & Materials","5 526","6 681,41","92 114,63","98 796,04"
"2 016","GNFD","General Fund","0001LIB","Library GF","4.0599999999999996","Library Materials & Collection Management","RC","Capital Outlay","3 345 000","6 831,78","3 332 667,68","3 339 499,46"
"2 016","GNFD","General Fund","0001STS","Street Services GF","2.4700000000000002","Traffic Operations Maintenance","QM","Supplies & Materials","2 173 031","6 992,66","2 295 283,21","2 302 275,87"
"2 016","GNFD","General Fund","0001CTS","Court and Detention Services GF","1.06","Dallas City Marshal","QM","Supplies & Materials","155 687","7 000,54","99 764,9","106 765,44"
"2 017","GNFD","General Fund","0001DFD","Dallas Fire Rescue GF","1.1100000000000001","Fire Investigation & Explosive Ordnance Disposal","QM","Supplies & Materials","45 045","7 014,69","16 373,41","23 388,1"
"2 016","EFOP","Enterprise Operating Fund","0061SDM","Storm Drainage Mgmt Operations","3.22","Stormwater Regulations & Enforcement","QV","Contractual & Other Services","991 633","7 083,01","957 503,52","964 586,53"
"2 017","INSV","Internal Service Fund","0198DSV","Information Technology DSV","5.L","Internal Desktop Support","QM","Supplies & Materials","55 000","7 200,1","39 812,48","47 012,58"
"2 017","GNFD","General Fund","0001DFD","Dallas Fire Rescue GF","1.1200000000000001","Fire Training and Recruitment","QM","Supplies & Materials","875 445","7 401,1","91 239,01","98 640,11"
"2 017","GNFD","General Fund","0001CTS","Court and Detention Services GF","1.06","Dallas City Marshal","QM","Supplies & Materials","147 196","7 486,51","36 854,08","44 340,59"
"2 017","GNFD","General Fund","0001MCC","Mayor and City Council GF","5.03","Administrative Support for the Mayor and City Council","QV","Contractual & Other Services","630 285","7 603,35","176 261,14","183 864,49"
"2 017","INSV","Internal Service Fund","0197DSV","Radio Services DSV","5.M","Internal Radio Communication","QM","Supplies & Materials","736 349","7 668,91","293 260,25","300 929,16"
"2 017","GNFD","General Fund","0001DFD","Dallas Fire Rescue GF","1.33","Special Operations","QM","Supplies & Materials","172 884","7 679,92","60 602,25","68 282,17"
"2 017","EFOP","Enterprise Operating Fund","0150DEV","Sustainable Dev and Construction - Enterprise","2.08","Construction Plan Review and Permitting","QM","Supplies & Materials","360 658","7 888,2","71 013,7","78 901,9"
"2 017","EFOP","Enterprise Operating Fund","0150DEV","Sustainable Dev and Construction - Enterprise","2.5499999999999998","Zoning & Board of Adjustment","QV","Contractual & Other Services","320 406","8 212","71 409,82","79 621,82"
"2 016","GNFD","General Fund","0001DFD","Dallas Fire Rescue GF","1.33","Special Operations","QM","Supplies & Materials","165 534","8 742,22","298 349,4","307 091,62"
"2 017","GNFD","General Fund","0001LIB","Library GF","4.08","Literacy Initiatives, Education & Community Engagement","QM","Supplies & Materials","15 000","8 837,19","1 824,91","10 662,1"
"2 017","GNFD","General Fund","0001CTJ","Judiciary GF","1.18","Municipal Judges/Cases Docketed","QV","Contractual & Other Services","247 695","8 896,43","113 434,91","122 331,34"
"2 017","GNFD","General Fund","0001DFD","Dallas Fire Rescue GF","1.1399999999999999","Inspection and Life Safety Education","QM","Supplies & Materials","483 137","9 009,58","59 401,48","68 411,06"
"2 016","GNFD","General Fund","0001DFD","Dallas Fire Rescue GF","1.08","EMS Administration, Contracts, and Community Health","QM","Supplies & Materials","289 024","9 109,86","381 364,69","390 474,55"
"2 017","EFOP","Enterprise Operating Fund","0100DWU","Water Utilities DWU","2.54","Water Utilities Capital Program Management","QM","Supplies & Materials","217 110","9 309,98","53 109,43","62 419,41"
"2 017","EFOP","Enterprise Operating Fund","0100DWU","Water Utilities DWU","3.26","Water Conservation","QM","Supplies & Materials","114 000","9 329,75","14 942,45","24 272,2"
"2 017","GNFD","General Fund","0001STS","Street Services GF","2.38","Rights-of-Way Maintenance Contracts and Inspections Group","QM","Supplies & Materials","108 655","9 798,35","38 821,85","48 620,2"
"2 017","GNFD","General Fund","0001ECO","Economic Development GF","9.99","Department Support","QV","Contractual & Other Services","0","9 951,38","41 555,86","51 507,24"
"2 017","GNFD","General Fund","0001CSC","Mgmt Services - 311 Customer Service Center","5.01","311 Customer Service Center","QV","Contractual & Other Services","1 166 601","9 971,77","693 467,44","703 439,21"
"2 017","GNFD","General Fund","0001CTS","Court and Detention Services GF","1.17","Municipal Court Services","QM","Supplies & Materials","204 354","9 988,39","111 957,54","121 945,93"
"2 016","GNFD","General Fund","0001EBS","Building Services GF","2.0299999999999998","Bullington Truck Terminal and Thanksgiving Square","QV","Contractual & Other Services","422 299","10 000","386 293,9","396 293,9"
"2 017","GNFD","General Fund","0001DPD","Police Department GF","1.25","Police Intelligence","QV","Contractual & Other Services","474 628","10 074,16","77 982,76","88 056,92"
"2 016","GNFD","General Fund","0001CCS","Code Compliance GF","3.18","Neighborhood Nuisance Abatement","QV","Contractual & Other Services","1 598 402","10 099,79","1 445 621,14","1 455 720,93"
"2 017","GNFD","General Fund","0001OEQ","Mgmt Services - Environmental Quaity","3.14","Environmental Quality","QV","Contractual & Other Services","867 510","10 119,75","143 446,35","153 566,1"
"2 017","GNFD","General Fund","0001STS","Street Services GF","9.99","Department Support","QV","Contractual & Other Services","19 480","10 528,89","101 208,78","111 737,67"
"2 017","GNFD","General Fund","0001DFD","Dallas Fire Rescue GF","1.08","EMS Administration, Contracts, and Community Health","RC","Capital Outlay","298 479","10 708,7","165 977,1","176 685,8"
"2 016","GNFD","General Fund","0001DPD","Police Department GF","1.24","Police Field Patrol","QV","Contractual & Other Services","17 396 325","11 237,25","14 911 116,43","14 922 353,68"
"2 017","GNFD","General Fund","0001DFD","Dallas Fire Rescue GF","9.99","Department Support","QM","Supplies & Materials","25 852","11 349,02","12 987,81","24 336,83"
"2 017","EFOP","Enterprise Operating Fund","0100DWU","Water Utilities DWU","9.99","Department Support","QV","Contractual & Other Services","1 073 853","11 354,31","161 520,03","172 874,34"
"2 016","EFOP","Enterprise Operating Fund","0440SAN","Sanitation Operating Fund","3.2","Residential Refuse Collection","QV","Contractual & Other Services","16 320 100","11 411,25","20 792 600,42","20 804 011,67"
"2 017","GNFD","General Fund","0001DEV","Sustainable Dev and Construction GF","2.35","Real Estate and Relocation","QV","Contractual & Other Services","243 791","11 445,14","153 032,1","164 477,24"
"2 017","EFOP","Enterprise Operating Fund","0440SAN","Sanitation Operating Fund","3.19","Recycling Collection and Waste Diversion","QM","Supplies & Materials","475 957","11 486,96","187 193,53","198 680,49"
"2 017","GNFD","General Fund","0001PNV","Planning and Urban Design GF","2.3199999999999998","Planning and Design Studio","QV","Contractual & Other Services","570 732","11 488,91","45 597,36","57 086,27"
"2 017","INSV","Internal Service Fund","0196EBS","Equipment Services EBS","5.D","City Fleet Asset Management","QM","Supplies & Materials","551 799","11 816,89","500 657,26","512 474,15"
"2 016","EFOP","Enterprise Operating Fund","0100DWU","Water Utilities DWU","3.24","Wastewater Collection","QM","Supplies & Materials","3 934 599","12 398,27","3 383 968,28","3 396 366,55"
"2 017","GNFD","General Fund","0001STS","Street Services GF","2.48","Traffic Safety and Congestion Management","QM","Supplies & Materials","222 231","12 478,7","120 414,82","132 893,52"
"2 017","GNFD","General Fund","0001ATT","City Attorney's Office GF","5.45","Litigation","QM","Supplies & Materials","65 099","13 053,02","38 704,02","51 757,04"
"2 017","EFOP","Enterprise Operating Fund","0100DWU","Water Utilities DWU","5.53","Vital Statistics","QV","Contractual & Other Services","259 740","13 721,55","46 940,12","60 661,67"
"2 017","GNFD","General Fund","0001OEM","Mgmt Services - Emergency Management","1.07","Emergency Management Operations","QV","Contractual & Other Services","503 480","14 055,62","88 555,93","102 611,55"
"2 016","EFOP","Enterprise Operating Fund","0100DWU","Water Utilities DWU","5.18","City GIS Services","QM","Supplies & Materials","19 100","14 466,81","24 309,23","38 776,04"
"2 017","GNFD","General Fund","0001STS","Street Services GF","2.41","Street Cut and Right-of-Way Management (Cut Control)","QV","Contractual & Other Services","87 636","14 896,65","26 131,74","41 028,39"
"2 016","INSV","Internal Service Fund","0198DSV","Information Technology DSV","5.L","Internal Desktop Support","QV","Contractual & Other Services","5 813 722","16 504,75","6 277 716,8","6 294 221,55"
"2 017","GNFD","General Fund","0001CTS","Court and Detention Services GF","1.02","City Detention Center","QM","Supplies & Materials","38 647","16 537,72","14 165,27","30 702,99"
"2 017","EFOP","Enterprise Operating Fund","0440SAN","Sanitation Operating Fund","3.04","Brush/Bulk Waste Removal Services","QM","Supplies & Materials","864 143","16 997,54","313 258,78","330 256,32"
"2 017","GNFD","General Fund","0001CTS","Court and Detention Services GF","1.01","Adjudication Office","QV","Contractual & Other Services","37 856","17 029,24","22 560,43","39 589,67"
"2 016","GNFD","General Fund","0001EMS","Mgmt Services - EMS Compliance","5.28","EMS Compliance Program","QV","Contractual & Other Services","150 761","17 200","63 333,14","80 533,14"
"2 016","GNFD","General Fund","0001CTS","Court and Detention Services GF","3.15","Illegal Dump Team - Criminal Investigations and Arrests","QM","Supplies & Materials","26 976","18 728,03","97 548,78","116 276,81"
"2 016","EFOP","Enterprise Operating Fund","0061SDM","Storm Drainage Mgmt Operations","2.19","Flood Control","QV","Contractual & Other Services","3 761 426","18 861","6 237 742,15","6 256 603,15"
"2 016","EFOP","Enterprise Operating Fund","0100DWU","Water Utilities DWU","5.54","Water Planning, Financial and Rate Services","QV","Contractual & Other Services","1 403 050","19 319,22","970 526,05","989 845,27"
"2 017","GNFD","General Fund","0001BMS","Office of Financial Services GF","5.36","Grant Administration","QV","Contractual & Other Services","212 738","20 521,41","110 262,81","130 784,22"
"2 017","GNFD","General Fund","0001DPD","Police Department GF","1.2","Police Academy and In-service Training","QM","Supplies & Materials","650 295","21 106,2","209 102,8","230 209"
"2 016","GNFD","General Fund","0001PBW","Public Works GF","9.99","Department Support","QV","Contractual & Other Services","23 215","21 417,94","93 342,75","114 760,69"
"2 017","GNFD","General Fund","0001PKR","Park and Recreation GF","4.04","Golf and Tennis Centers","QV","Contractual & Other Services","925 935","21 478,74","207 746,64","229 225,38"
"2 017","OTHO","Other Operating Fund","0195ORM","Office of Risk Management","5.P","Risk Management Services","QV","Contractual & Other Services","276 712","22 778,56","133 952,65","156 731,21"
"2 017","EFOP","Enterprise Operating Fund","0100DWU","Water Utilities DWU","5.53","Vital Statistics","QM","Supplies & Materials","84 219","22 989,75","17 902,17","40 891,92"
"2 017","GNFD","General Fund","0001CCS","Code Compliance GF","3.18","Neighborhood Nuisance Abatement","QM","Supplies & Materials","278 621","23 433,16","139 923,25","163 356,41"
"2 017","GNFD","General Fund","0001PER","Human Resources GF","5.39","Human Resource Consulting","QV","Contractual & Other Services","1 063 161","23 797,58","298 090,4","321 887,98"
"2 016","INSV","Internal Service Fund","0196EBS","Equipment Services EBS","9.99","Department Support","QV","Contractual & Other Services","54 571","24 082,04","248 486,76","272 568,8"
"2 017","INSV","Internal Service Fund","0196EBS","Equipment Services EBS","5.I","Fuel Procurement and Management","QV","Contractual & Other Services","1 340 502","24 210,34","526 579,86","550 790,2"
"2 017","GNFD","General Fund","0001ATT","City Attorney's Office GF","9.99","Department Support","QV","Contractual & Other Services","0","24 903,28","28 010,31","52 913,59"
"2 016","GNFD","General Fund","0001STS","Street Services GF","2.44","Street Repair Division - Concrete","QM","Supplies & Materials","5 058 453","24 952,32","4 098 892,14","4 123 844,46"
"2 016","EFOP","Enterprise Operating Fund","0130AVI","Airport Operations AVI","2.12","Dallas Love Field","QM","Supplies & Materials","7 302 122","25 179,96","8 970 258,22","8 995 438,18"
"2 017","GNFD","General Fund","0001DPD","Police Department GF","1.31","Police Special Operations","QM","Supplies & Materials","1 291 885","25 538,8","417 382,42","442 921,22"
"2 017","GNFD","General Fund","0001DPD","Police Department GF","1.23","Police Criminal Investigations","QM","Supplies & Materials","522 269","26 834,8","232 404,3","259 239,1"
"2 017","GNFD","General Fund","0001DPD","Police Department GF","9.99","Department Support","QM","Supplies & Materials","65 574","27 286,02","185 069,42","212 355,44"
"2 017","GNFD","General Fund","0001PKR","Park and Recreation GF","4.05","Leisure Venue Management","QM","Supplies & Materials","835 716","27 476,42","501 868,42","529 344,84"
"2 017","GNFD","General Fund","0001CCS","Code Compliance GF","3.1","Consumer Health","QM","Supplies & Materials","150 108","28 255,3","33 370,02","61 625,32"
"2 016","GNFD","General Fund","0001BMS","Office of Financial Services GF","5.52","Utility Management","QV","Contractual & Other Services","213 203","28 781,1","102 018,35","130 799,45"
"2 017","GNFD","General Fund","0001TWM","Trinity Watershed Management GF","2.4900000000000002","Trinity River Corridor Operations","QM","Supplies & Materials","34 551","29 063,56","18 612,91","47 676,47"
"2 016","GNFD","General Fund","0001DPD","Police Department GF","1.21","Police Administrative Support","QV","Contractual & Other Services","19 216 358","29 452,21","21 266 946,26","21 296 398,47"
"2 017","EFOP","Enterprise Operating Fund","0100DWU","Water Utilities DWU","5.55","Water Utilities Customer Account Services","RC","Capital Outlay","72 435","29 813,62","330 053,49","359 867,11"
"2 017","EFOP","Enterprise Operating Fund","0150DEV","Sustainable Dev and Construction - Enterprise","2.15","Engineering & Inspection Review for Private Development","QV","Contractual & Other Services","441 061","29 897,91","66 751,28","96 649,19"
"2 017","EFOP","Enterprise Operating Fund","0080CCT","Convention Center CCT","2.5","Union Station","QV","Contractual & Other Services","390 049","30 032,77","213 660,51","243 693,28"
"2 016","GNFD","General Fund","0001CVS","Civil Service GF","5.04","Analysis/Development and Validation","QV","Contractual & Other Services","269 700","32 132,97","100 103,8","132 236,77"
"2 017","GNFD","General Fund","0001DFD","Dallas Fire Rescue GF","9.99","Department Support","QV","Contractual & Other Services","1 550 619","32 434,61","35 577,48","68 012,09"
"2 016","GNFD","General Fund","0001DFD","Dallas Fire Rescue GF","1.1399999999999999","Inspection and Life Safety Education","RC","Capital Outlay","0","32 445,31","0","32 445,31"
"2 017","GNFD","General Fund","0001DFD","Dallas Fire Rescue GF","1.1200000000000001","Fire Training and Recruitment","QV","Contractual & Other Services","888 759","32 559,38","84 187,44","116 746,82"
"2 017","GNFD","General Fund","0001DPD","Police Department GF","1.24","Police Field Patrol","QM","Supplies & Materials","3 972 526","32 707,09","1 483 768,86","1 516 475,95"
"2 017","GNFD","General Fund","0001DPD","Police Department GF","1.3","Police Recruiting and Personnel Service","QV","Contractual & Other Services","1 231 485","32 914,53","293 010,4","325 924,93"
"2 017","GNFD","General Fund","0001DFD","Dallas Fire Rescue GF","1.1299999999999999","Fire-Rescue Equipment Maintenance and Supply","RC","Capital Outlay","0","33 290,78","0","33 290,78"
"2 017","GNFD","General Fund","0001DPD","Police Department GF","1.27","Police Investigations of Narcotics Related Crimes","QM","Supplies & Materials","140 887","33 628,76","56 434,4","90 063,16"
"2 017","EFOP","Enterprise Operating Fund","0061SDM","Storm Drainage Mgmt Operations","2.2000000000000002","Floodplain and Drainage Management","QV","Contractual & Other Services","744 157","33 750,11","126 437,54","160 187,65"
"2 017","GNFD","General Fund","0001CCS","Code Compliance GF","3.18","Neighborhood Nuisance Abatement","RC","Capital Outlay","12 278","34 299,65","0","34 299,65"
"2 017","INSV","Internal Service Fund","0199POM","Express Business Center POM","5.G","Disposal of Surplus and Police Unclaimed Property","QV","Contractual & Other Services","509 550","34 956,25","166 991,36","201 947,61"
"2 017","GNFD","General Fund","0001CTS","Court and Detention Services GF","3.15","Illegal Dump Team - Criminal Investigations and Arrests","QV","Contractual & Other Services","53 813","35 467,21","31 562,02","67 029,23"
"2 017","GNFD","General Fund","0001STS","Street Services GF","2.4300000000000002","Street Repair Division - Asphalt","QV","Contractual & Other Services","3 649 560","36 489,67","2 191 939,49","2 228 429,16"
"2 017","INSV","Internal Service Fund","0196EBS","Equipment Services EBS","5.H","Environmental Services for City Fleet Operations","QV","Contractual & Other Services","1 436 731","36 663,49","211 248,03","247 911,52"
"2 016","OTHO","Other Operating Fund","0191DSV","9-1-1 System Operations","5.A","9-1-1 Technology/Education Services","QV","Contractual & Other Services","15 824 419","37 055,91","11 542 351,5","11 579 407,41"
"2 017","GNFD","General Fund","0001PKR","Park and Recreation GF","4.09","Park Land Maintained","RC","Capital Outlay","409 454","37 140,19","318 046,5","355 186,69"
"2 017","GNFD","General Fund","0001OCA","Office of Cultural Affairs GF","4.1100000000000003","Public Art for Dallas","QV","Contractual & Other Services","192 346","37 293,56","17 269,58","54 563,14"
"2 017","GNFD","General Fund","0001PKR","Park and Recreation GF","4.01","Aquatic Services","QV","Contractual & Other Services","626 001","37 684,96","55 224,76","92 909,72"
"2 017","EFOP","Enterprise Operating Fund","0100DWU","Water Utilities DWU","3.25","Wastewater Treatment","RC","Capital Outlay","282 900","38 502,5","54 700,3","93 202,8"
"2 016","INSV","Internal Service Fund","0198DSV","Information Technology DSV","5.K","Internal Computer Support","QV","Contractual & Other Services","2 139 445","39 964,06","2 377 416,97","2 417 381,03"
"2 017","EFOP","Enterprise Operating Fund","0440SAN","Sanitation Operating Fund","3.04","Brush/Bulk Waste Removal Services","QV","Contractual & Other Services","6 081 302","40 206,13","2 021 739,49","2 061 945,62"
"2 016","INSV","Internal Service Fund","0197DSV","Radio Services DSV","5.M","Internal Radio Communication","RC","Capital Outlay","0","41 250","19 440","60 690"
"2 017","EFOP","Enterprise Operating Fund","0080CCT","Convention Center CCT","2.1","Dallas Convention Center","RC","Capital Outlay","2 431 565","42 000","36 665","78 665"
"2 017","GNFD","General Fund","0001PKR","Park and Recreation GF","4.12","Recreation Services","QM","Supplies & Materials","2 290 159","43 548,38","1 088 373,19","1 131 921,57"
"2 016","EFOP","Enterprise Operating Fund","0100DWU","Water Utilities DWU","2.5299999999999998","Water Production and Delivery","RC","Capital Outlay","1 161 673","44 755","830 383,34","875 138,34"
"2 017","GNFD","General Fund","0001PKR","Park and Recreation GF","4.01","Aquatic Services","QM","Supplies & Materials","731 444","44 773,5","307 007,29","351 780,79"
"2 017","OTHO","Other Operating Fund","0191DSV","9-1-1 System Operations","5.A","9-1-1 Technology/Education Services","QM","Supplies & Materials","1 801 822","45 319,25","15 408,24","60 727,49"
"2 017","GNFD","General Fund","0001ECO","Economic Development GF","2.13","Economic Development Major Projects & Other Programs","QV","Contractual & Other Services","321 977","46 900,93","52 038,81","98 939,74"
"2 017","GNFD","General Fund","0001DFD","Dallas Fire Rescue GF","1.08","EMS Administration, Contracts, and Community Health","QM","Supplies & Materials","289 685","48 174,45","55 096,96","103 271,41"
"2 016","GNFD","General Fund","0001ELE","Elections","5.27","Elections","QV","Contractual & Other Services","660 853","49 315,2","594 034,11","643 349,31"
"2 016","GNFD","General Fund","0001STS","Street Services GF","2.4300000000000002","Street Repair Division - Asphalt","QM","Supplies & Materials","4 808 349","49 577,13","4 064 901,4","4 114 478,53"
"2 017","EFOP","Enterprise Operating Fund","0100DWU","Water Utilities DWU","5.55","Water Utilities Customer Account Services","QM","Supplies & Materials","4 029 579","50 520,29","1 486 049,61","1 536 569,9"
"2 017","GNFD","General Fund","0001DFD","Dallas Fire Rescue GF","1.1000000000000001","Fire Dispatch and Communications","QV","Contractual & Other Services","9 093 440","50 584,4","3 782 602,86","3 833 187,26"
"2 017","GNFD","General Fund","0001LIB","Library GF","4.07","Library Operations & Public Service","QM","Supplies & Materials","1 359 559","50 599,45","780 200,92","830 800,37"
"2 017","GNFD","General Fund","0001CCO","City Controller's Office GF","5.47","Payroll","QV","Contractual & Other Services","88 442","50 954,14","29 042,27","79 996,41"
"2 017","INSV","Internal Service Fund","0198DSV","Information Technology DSV","5.N","Internal Telephone and Data Communication","QM","Supplies & Materials","110 993","51 662,08","35 595,18","87 257,26"
"2 017","EFOP","Enterprise Operating Fund","0150DEV","Sustainable Dev and Construction - Enterprise","2.17","Field Inspections of Private Development Construction Sites","RC","Capital Outlay","0","54 915","0","54 915"
"2 016","EFOP","Enterprise Operating Fund","0130AVI","Airport Operations AVI","2.21","Aviation Facilities - Dallas Executive Airport & Vertiport","RC","Capital Outlay","280 000","55 753,72","60 492,66","116 246,38"
"2 017","INSV","Internal Service Fund","0199POM","Express Business Center POM","5.B","Business Services","QV","Contractual & Other Services","221 530","57 166,7","100 853,32","158 020,02"
"2 017","GNFD","General Fund","0001STS","Street Services GF","2.4700000000000002","Traffic Operations Maintenance","QM","Supplies & Materials","2 333 683","57 381,79","996 641,26","1 054 023,05"
"2 017","EFOP","Enterprise Operating Fund","0100DWU","Water Utilities DWU","5.54","Water Planning, Financial and Rate Services","QV","Contractual & Other Services","1 512 923","60 248,86","127 561,99","187 810,85"
"2 017","EFOP","Enterprise Operating Fund","0061SDM","Storm Drainage Mgmt Operations","3.22","Stormwater Regulations & Enforcement","QM","Supplies & Materials","342 668","61 657,91","156 201,57","217 859,48"
"2 016","EFOP","Enterprise Operating Fund","0100DWU","Water Utilities DWU","3.26","Water Conservation","QV","Contractual & Other Services","2 698 430","62 212,8","2 402 457,7","2 464 670,5"
"2 017","GNFD","General Fund","0001CTS","Court and Detention Services GF","1.06","Dallas City Marshal","RC","Capital Outlay","0","64 040,18","0","64 040,18"
"2 016","INSV","Internal Service Fund","0198DSV","Information Technology DSV","5.C","Business Technology Services","QM","Supplies & Materials","73 116","65 797,22","298 290,23","364 087,45"
"2 017","GNFD","General Fund","0001OCA","Office of Cultural Affairs GF","4.03","Cultural Services Contracts","QM","Supplies & Materials","127 760","67 478,41","591 510,34","658 988,75"
"2 017","GNFD","General Fund","0001TWM","Trinity Watershed Management GF","2.4900000000000002","Trinity River Corridor Operations","QV","Contractual & Other Services","363 923","67 626,84","56 634,3","124 261,14"
"2 017","EFOP","Enterprise Operating Fund","0130AVI","Airport Operations AVI","2.21","Aviation Facilities - Dallas Executive Airport & Vertiport","RC","Capital Outlay","280 000","67 744","0","67 744"
"2 017","OTHO","Other Operating Fund","0195ORM","Office of Risk Management","5.P","Risk Management Services","QM","Supplies & Materials","227 650","68 085,78","31 929,73","100 015,51"
"2 017","GNFD","General Fund","0001STL","Street Lighting","2.42","Street Lighting","QV","Contractual & Other Services","1 306 926","68 112,06","142 499,16","210 611,22"
"2 017","GNFD","General Fund","0001PKR","Park and Recreation GF","4.04","Golf and Tennis Centers","QM","Supplies & Materials","1 298 833","69 183,28","568 967,35","638 150,63"
"2 016","GNFD","General Fund","0001STS","Street Services GF","2.4700000000000002","Traffic Operations Maintenance","QV","Contractual & Other Services","2 206 258","71 263,51","1 956 361,61","2 027 625,12"
"2 017","GNFD","General Fund","0001DFD","Dallas Fire Rescue GF","1.1000000000000001","Fire Dispatch and Communications","QM","Supplies & Materials","107 585","73 817,11","44 483,46","118 300,57"
"2 017","GNFD","General Fund","0001ATT","City Attorney's Office GF","5.45","Litigation","QV","Contractual & Other Services","1 279 705","75 065,96","497 734,83","572 800,79"
"2 017","GNFD","General Fund","0001DPD","Police Department GF","1.21","Police Administrative Support","QM","Supplies & Materials","2 454 873","75 374,27","1 175 538,41","1 250 912,68"
"2 017","GNFD","General Fund","0001DPD","Police Department GF","1.29","Police Operational Support","QM","Supplies & Materials","462 062","76 083,8","342 207,17","418 290,97"
"2 016","EFOP","Enterprise Operating Fund","0100DWU","Water Utilities DWU","5.26","DWU General Expense","QV","Contractual & Other Services","67 244 537","76 220,67","63 060 594,36","63 136 815,03"
"2 017","EFOP","Enterprise Operating Fund","0130AVI","Airport Operations AVI","2.21","Aviation Facilities - Dallas Executive Airport & Vertiport","QV","Contractual & Other Services","3 486 220","80 332,05","671 432,6","751 764,65"
"2 017","GNFD","General Fund","0001CPE","Mgmt Services - Strategic Initiatives","5.13","Center for Performance Excellence","QV","Contractual & Other Services","226 467","80 794,87","64 542,4","145 337,27"
"2 017","EFOP","Enterprise Operating Fund","0100DWU","Water Utilities DWU","3.24","Wastewater Collection","QV","Contractual & Other Services","1 892 198","81 326,78","658 919,29","740 246,07"
"2 017","GNFD","General Fund","0001CCO","City Controller's Office GF","5.0199999999999996","Accounts Payable","QV","Contractual & Other Services","187 020","83 176,27","76 944,29","160 120,56"
"2 017","EFOP","Enterprise Operating Fund","0080CCT","Convention Center CCT","2.29","Office of Special Events","QV","Contractual & Other Services","102 103","84 870,05","57 990,72","142 860,77"
"2 017","GNFD","General Fund","0001LIB","Library GF","4.0599999999999996","Library Materials & Collection Management","QV","Contractual & Other Services","1 946 301","86 552,56","840 016,46","926 569,02"
"2 016","GNFD","General Fund","0001CCO","City Controller's Office GF","5.32","Financial Reporting","PS","Personnel Services","2 089 684","87 284,89","1 751 034,84","1 838 319,73"
"2 016","INSV","Internal Service Fund","0198DSV","Information Technology DSV","5.Q","Strategic Technology Management","QV","Contractual & Other Services","2 874 504","87 692,4","7 119 242,24","7 206 934,64"
"2 017","INSV","Internal Service Fund","0196EBS","Equipment Services EBS","5.I","Fuel Procurement and Management","QM","Supplies & Materials","14 188 145","88 274,83","625 268,06","713 542,89"
"2 016","GNFD","General Fund","0001DFD","Dallas Fire Rescue GF","1.08","EMS Administration, Contracts, and Community Health","RC","Capital Outlay","298 479","88 935,37","185 917,62","274 852,99"
"2 017","EFOP","Enterprise Operating Fund","0100DWU","Water Utilities DWU","2.5299999999999998","Water Production and Delivery","RC","Capital Outlay","1 366 237","91 672,03","109 298,54","200 970,57"
"2 017","INSV","Internal Service Fund","0197DSV","Radio Services DSV","5.M","Internal Radio Communication","QV","Contractual & Other Services","1 981 486","92 576,27","726 828,53","819 404,8"
"2 017","GNFD","General Fund","0001ECO","Economic Development GF","2.4","Small Business Initiatives","QV","Contractual & Other Services","1 092 228","97 143,61","22 792,51","119 936,12"
"2 017","GNFD","General Fund","0001PKR","Park and Recreation GF","2.2999999999999998","Operation & Maintenance of Fair Park","RC","Capital Outlay","0","98 101","0","98 101"
"2 017","EFOP","Enterprise Operating Fund","0061SDM","Storm Drainage Mgmt Operations","3.22","Stormwater Regulations & Enforcement","QV","Contractual & Other Services","1 101 798","98 158,88","186 116,49","284 275,37"
"2 017","INSV","Internal Service Fund","0196EBS","Equipment Services EBS","9.99","Department Support","QV","Contractual & Other Services","54 406","103 482,1","1 705 846,15","1 809 328,25"
"2 017","EFOP","Enterprise Operating Fund","0150DEV","Sustainable Dev and Construction - Enterprise","2.08","Construction Plan Review and Permitting","QV","Contractual & Other Services","7 627 873","106 682,86","1 519 294,71","1 625 977,57"
"2 017","GNFD","General Fund","0001CTS","Court and Detention Services GF","1.17","Municipal Court Services","QV","Contractual & Other Services","1 556 254","112 249,41","883 761,64","996 011,05"
"2 016","EFOP","Enterprise Operating Fund","0061SDM","Storm Drainage Mgmt Operations","3.21","Storm Drainage Management Fund","QV","Contractual & Other Services","20 742 948","112 926,24","19 102 606,78","19 215 533,02"
"2 017","GNFD","General Fund","0001DFD","Dallas Fire Rescue GF","1.0900000000000001","Fire and Rescue Emergency Response","QV","Contractual & Other Services","1 624 949","113 232,68","202 081,37","315 314,05"
"2 017","GNFD","General Fund","0001CCS","Code Compliance GF","3.17","Neighborhood Code Compliance Services","QM","Supplies & Materials","928 708","114 720,73","434 112,59","548 833,32"
"2 017","GNFD","General Fund","0001DFD","Dallas Fire Rescue GF","1.1299999999999999","Fire-Rescue Equipment Maintenance and Supply","QM","Supplies & Materials","3 266 340","115 677,7","3 473 699,83","3 589 377,53"
"2 017","EFOP","Enterprise Operating Fund","0150DEV","Sustainable Dev and Construction - Enterprise","2.17","Field Inspections of Private Development Construction Sites","QV","Contractual & Other Services","2 604 581","117 766,92","1 461 380,42","1 579 147,34"
"2 016","GNFD","General Fund","0001BMS","Office of Financial Services GF","5.4","Independent Audit","QV","Contractual & Other Services","789 495","118 047,88","671 447,12","789 495"
"2 016","GNFD","General Fund","0001PBW","Public Works GF","2.0499999999999998","Capital and Implementation Program","QV","Contractual & Other Services","1 052 489","124 334","1 282 909,14","1 407 243,14"
"2 016","EFOP","Enterprise Operating Fund","0100DWU","Water Utilities DWU","5.55","Water Utilities Customer Account Services","QV","Contractual & Other Services","6 191 245","124 897,48","6 032 922,98","6 157 820,46"
"2 016","INSV","Internal Service Fund","0198DSV","Information Technology DSV","5.N","Internal Telephone and Data Communication","QM","Supplies & Materials","115 993","125 000","133 688,23","258 688,23"
"2 017","GNFD","General Fund","0001DFD","Dallas Fire Rescue GF","1.33","Special Operations","QV","Contractual & Other Services","336 411","131 270,98","364 206,03","495 477,01"
"2 016","INSV","Internal Service Fund","0196EBS","Equipment Services EBS","5.I","Fuel Procurement and Management","RC","Capital Outlay","25 000","132 000,26","93 182,74","225 183"
"2 017","GNFD","General Fund","0001CCO","City Controller's Office GF","5.32","Financial Reporting","QV","Contractual & Other Services","1 157 242","138 788,24","227 459,98","366 248,22"
"2 016","EFOP","Enterprise Operating Fund","0061SDM","Storm Drainage Mgmt Operations","2.2000000000000002","Floodplain and Drainage Management","QV","Contractual & Other Services","623 706","140 923,37","342 239,77","483 163,14"
"2 017","GNFD","General Fund","0001OCA","Office of Cultural Affairs GF","4.0199999999999996","City-Owned Cultural Venues","QM","Supplies & Materials","2 957 589","141 569,7","751 577,35","893 147,05"
"2 017","EFOP","Enterprise Operating Fund","0140OCA","Municipal Radio OCA","4.13","WRR Municipal Radio Classical Music","QV","Contractual & Other Services","657 942","144 010,94","325 591,17","469 602,11"
"2 017","GNFD","General Fund","0001STS","Street Services GF","2.0499999999999998","Capital and Implementation Program","QV","Contractual & Other Services","664 839","144 264,11","89 923,89","234 188"
"2 017","EFOP","Enterprise Operating Fund","0440SAN","Sanitation Operating Fund","3.16","Landfill Services","QM","Supplies & Materials","2 332 771","144 278,38","723 231,13","867 509,51"
"2 017","GNFD","General Fund","0001STS","Street Services GF","2.39","Service Maintenance Areas","QV","Contractual & Other Services","1 878 026","148 954,47","756 011,31","904 965,78"
"2 017","GNFD","General Fund","0001PKR","Park and Recreation GF","2.2999999999999998","Operation & Maintenance of Fair Park","QM","Supplies & Materials","2 089 680","151 097,03","1 364 411,17","1 515 508,2"
"2 016","EFOP","Enterprise Operating Fund","0440SAN","Sanitation Operating Fund","3.16","Landfill Services","QV","Contractual & Other Services","10 021 141","152 429,59","8 482 610,71","8 635 040,3"
"2 017","EFOP","Enterprise Operating Fund","0164AVI","Transportation Regulation","2.36","Regulation and Enforcement of For Hire Transportation","QV","Contractual & Other Services","463 517","152 756,36","290 011,55","442 767,91"
"2 016","GNFD","General Fund","0001ECO","Economic Development GF","2.4","Small Business Initiatives","QV","Contractual & Other Services","530 979","153 730,11","300 415,95","454 146,06"
"2 017","GNFD","General Fund","0001CCS","Code Compliance GF","3.17","Neighborhood Code Compliance Services","RC","Capital Outlay","401 438","158 888","241 860","400 748"
"2 017","GNFD","General Fund","0001LIB","Library GF","4.07","Library Operations & Public Service","QV","Contractual & Other Services","3 202 341","164 002,68","1 620 542,07","1 784 544,75"
"2 017","EFOP","Enterprise Operating Fund","0061SDM","Storm Drainage Mgmt Operations","2.19","Flood Control","QM","Supplies & Materials","2 975 519","164 574,02","984 299,52","1 148 873,54"
"2 017","GNFD","General Fund","0001STS","Street Services GF","2.27","Mobility Planning","RC","Capital Outlay","0","164 700","6 300","171 000"
"2 016","GNFD","General Fund","0001STS","Street Services GF","2.48","Traffic Safety and Congestion Management","RC","Capital Outlay","0","165 545","1 418 610,11","1 584 155,11"
"2 017","GNFD","General Fund","0001EBS","Building Services GF","5.29","Energy Procurement and Monitoring","QM","Supplies & Materials","2 387 604","172 210,09","1 502 951,23","1 675 161,32"
"2 017","INSV","Internal Service Fund","0196EBS","Equipment Services EBS","5.E","City Fleet Maintenance and Repair Services","QM","Supplies & Materials","8 567 036","175 228,76","4 248 397,65","4 423 626,41"
"2 017","GNFD","General Fund","0001PKR","Park and Recreation GF","4.09","Park Land Maintained","QV","Contractual & Other Services","8 975 830","175 277,02","4 006 506,45","4 181 783,47"
"2 016","EFOP","Enterprise Operating Fund","0130AVI","Airport Operations AVI","2.12","Dallas Love Field","PS","Personnel Services","14 562 541","175 471,89","13 765 858,71","13 941 330,6"
"2 016","INSV","Internal Service Fund","0198DSV","Information Technology DSV","5.O","Public Safety Technology Support","QV","Contractual & Other Services","5 018 691","177 400","3 729 587,77","3 906 987,77"
"2 017","EFOP","Enterprise Operating Fund","0080CCT","Convention Center CCT","2.1","Dallas Convention Center","QM","Supplies & Materials","3 702 608","177 706,74","1 937 736,24","2 115 442,98"
"2 017","GNFD","General Fund","0001CCS","Code Compliance GF","3.12","Dallas Animal Services","QM","Supplies & Materials","1 027 385","179 633,39","476 387,23","656 020,62"
"2 016","GNFD","General Fund","0001PBW","Public Works GF","3.23","Underground Storage Tank Replacement and Inspection","RC","Capital Outlay","266 000","186 917,25","71 391,75","258 309"
"2 017","GNFD","General Fund","0001STS","Street Services GF","2.39","Service Maintenance Areas","QM","Supplies & Materials","1 729 070","188 053,42","726 038,72","914 092,14"
"2 017","INSV","Internal Service Fund","0199POM","Express Business Center POM","5.B","Business Services","QM","Supplies & Materials","3 559 143","197 447,57","1 756 501,2","1 953 948,77"
"2 016","EFOP","Enterprise Operating Fund","0130AVI","Airport Operations AVI","2.21","Aviation Facilities - Dallas Executive Airport & Vertiport","QV","Contractual & Other Services","3 126 639","198 249,9","3 865 520,71","4 063 770,61"
"2 017","GNFD","General Fund","0001STS","Street Services GF","2.48","Traffic Safety and Congestion Management","QV","Contractual & Other Services","811 113","200 044,38","464 223,42","664 267,8"
"2 016","GNFD","General Fund","0001DFD","Dallas Fire Rescue GF","1.08","EMS Administration, Contracts, and Community Health","QV","Contractual & Other Services","3 791 532","221 925,96","4 037 365,8","4 259 291,76"
"2 017","GNFD","General Fund","0001DPD","Police Department GF","9.99","Department Support","QV","Contractual & Other Services","159 568","225 533,08","338 165,45","563 698,53"
"2 017","GNFD","General Fund","0001EBS","Building Services GF","3.11","Custodial Maintenance","QV","Contractual & Other Services","1 400 389","234 158,57","528 297,21","762 455,78"
"2 016","GNFD","General Fund","0001STL","Street Lighting","2.42","Street Lighting","QV","Contractual & Other Services","1 289 993","234 300,06","1 028 061,89","1 262 361,95"
"2 017","EFOP","Enterprise Operating Fund","0100DWU","Water Utilities DWU","2.54","Water Utilities Capital Program Management","QV","Contractual & Other Services","1 785 756","235 862,91","613 897,87","849 760,78"
"2 016","GNFD","General Fund","0001PBW","Public Works GF","2.0499999999999998","Capital and Implementation Program","RC","Capital Outlay","347 780","236 620,8","111 159,2","347 780"
"2 017","GNFD","General Fund","0001CCS","Code Compliance GF","3.1","Consumer Health","QV","Contractual & Other Services","571 093","237 971,48","198 379,73","436 351,21"
"2 017","GNFD","General Fund","0001CCS","Code Compliance GF","3.17","Neighborhood Code Compliance Services","QV","Contractual & Other Services","4 979 634","239 262,51","1 935 184,7","2 174 447,21"
"2 017","INSV","Internal Service Fund","0196EBS","Equipment Services EBS","5.F","City Fleet Paint and Body Shop Coordination","QV","Contractual & Other Services","1 117 957","244 482,44","956 923,97","1 201 406,41"
"2 017","GNFD","General Fund","0001DFD","Dallas Fire Rescue GF","1.0900000000000001","Fire and Rescue Emergency Response","QM","Supplies & Materials","4 182 483","248 483,41","1 030 523,96","1 279 007,37"
"2 017","GNFD","General Fund","0001EBS","Building Services GF","1.32","Security Service for City Facilities","QV","Contractual & Other Services","1 393 992","254 125,07","704 600","958 725,07"
"2 016","INSV","Internal Service Fund","0198DSV","Information Technology DSV","5.Q","Strategic Technology Management","QM","Supplies & Materials","457 880","254 500","44 902,57","299 402,57"
"2 017","GNFD","General Fund","0001CCS","Code Compliance GF","3.12","Dallas Animal Services","QV","Contractual & Other Services","3 127 634","254 675,48","1 735 259,19","1 989 934,67"
"2 016","GNFD","General Fund","0001CCS","Code Compliance GF","3.12","Dallas Animal Services","RC","Capital Outlay","248 914","257 047","168 734,47","425 781,47"
"2 017","EFOP","Enterprise Operating Fund","0100DWU","Water Utilities DWU","3.26","Water Conservation","QV","Contractual & Other Services","2 772 119","294 719,88","476 587,73","771 307,61"
"2 016","GNFD","General Fund","0001DPD","Police Department GF","1.31","Police Special Operations","QV","Contractual & Other Services","4 773 188","298 609","5 216 260,69","5 514 869,69"
"2 017","EFOP","Enterprise Operating Fund","0100DWU","Water Utilities DWU","5.26","DWU General Expense","QV","Contractual & Other Services","67 890 660","300 991,63","27 956 559,11","28 257 550,74"
"2 017","GNFD","General Fund","0001HOU","Housing GF","3.08","Community/Senior Services","QV","Contractual & Other Services","1 940 445","310 786,88","862 223,95","1 173 010,83"
"2 017","GNFD","General Fund","0001STL","Street Lighting","2.42","Street Lighting","QM","Supplies & Materials","15 348 208","326 538,24","8 593 335,68","8 919 873,92"
"2 016","EFOP","Enterprise Operating Fund","0150DEV","Sustainable Dev and Construction - Enterprise","2.08","Construction Plan Review and Permitting","QV","Contractual & Other Services","4 853 623","331 285,79","3 704 667,86","4 035 953,65"
"2 017","INSV","Internal Service Fund","0198DSV","Information Technology DSV","5.K","Internal Computer Support","QV","Contractual & Other Services","2 444 762","340 674,87","741 960,7","1 082 635,57"
"2 017","GNFD","General Fund","0001CCS","Code Compliance GF","3.18","Neighborhood Nuisance Abatement","QV","Contractual & Other Services","1 675 549","350 809,75","550 306,46","901 116,21"
"2 017","EFOP","Enterprise Operating Fund","0440SAN","Sanitation Operating Fund","3.2","Residential Refuse Collection","QV","Contractual & Other Services","19 555 982","385 430,72","8 649 658,23","9 035 088,95"
"2 017","EFOP","Enterprise Operating Fund","0100DWU","Water Utilities DWU","5.55","Water Utilities Customer Account Services","QV","Contractual & Other Services","6 565 542","402 790,23","2 036 900,52","2 439 690,75"
"2 017","GNFD","General Fund","0001PKR","Park and Recreation GF","4.09","Park Land Maintained","QM","Supplies & Materials","5 755 187","403 334,01","2 620 469,49","3 023 803,5"
"2 017","EFOP","Enterprise Operating Fund","0440SAN","Sanitation Operating Fund","3.05","City Facility Services","QV","Contractual & Other Services","630 421","404 521,73","284 679,18","689 200,91"
"2 017","GNFD","General Fund","0001DPD","Police Department GF","1.21","Police Administrative Support","QV","Contractual & Other Services","23 773 401","405 207,62","9 338 842,32","9 744 049,94"
"2 017","INSV","Internal Service Fund","0198DSV","Information Technology DSV","5.Q","Strategic Technology Management","QV","Contractual & Other Services","8 372 779","409 340,31","3 418 028,57","3 827 368,88"
"2 017","EFOP","Enterprise Operating Fund","0061SDM","Storm Drainage Mgmt Operations","2.19","Flood Control","RC","Capital Outlay","50 000","412 469,75","84 100","496 569,75"
"2 016","GNFD","General Fund","0001PNV","Planning and Urban Design GF","2.27","Mobility Planning","RC","Capital Outlay","0","427 467,52","32 482,73","459 950,25"
"2 016","EFOP","Enterprise Operating Fund","0100DWU","Water Utilities DWU","3.25","Wastewater Treatment","QV","Contractual & Other Services","14 157 438","440 142,1","15 188 686,45","15 628 828,55"
"2 017","GNFD","General Fund","0001EBS","Building Services GF","5.17","City Facility Operation, Maintenance and Repair","QM","Supplies & Materials","2 178 106","460 450,92","1 151 924,95","1 612 375,87"
"2 017","GNFD","General Fund","0001CCS","Code Compliance GF","3.12","Dallas Animal Services","RC","Capital Outlay","220 000","467 457,32","0","467 457,32"
"2 016","EFOP","Enterprise Operating Fund","0100DWU","Water Utilities DWU","2.5299999999999998","Water Production and Delivery","QM","Supplies & Materials","82 523 520","473 429,06","82 149 337,12","82 622 766,18"
"2 017","INSV","Internal Service Fund","0196EBS","Equipment Services EBS","5.E","City Fleet Maintenance and Repair Services","QV","Contractual & Other Services","6 975 334","480 586,45","2 135 795,59","2 616 382,04"
"2 017","GNFD","General Fund","0001PKR","Park and Recreation GF","4.12","Recreation Services","QV","Contractual & Other Services","4 528 309","492 107,14","1 267 294,03","1 759 401,17"
"2 017","GNFD","General Fund","0001DPD","Police Department GF","1.23","Police Criminal Investigations","QV","Contractual & Other Services","6 618 228","518 249,91","1 717 723,2","2 235 973,11"
"2 017","GNFD","General Fund","0001STS","Street Services GF","2.38","Rights-of-Way Maintenance Contracts and Inspections Group","QV","Contractual & Other Services","9 777 733","531 667,48","2 635 662,06","3 167 329,54"
"2 017","EFOP","Enterprise Operating Fund","0061SDM","Storm Drainage Mgmt Operations","3.21","Storm Drainage Management Fund","QV","Contractual & Other Services","20 206 411","540 709,75","4 015 893,44","4 556 603,19"
"2 017","EFOP","Enterprise Operating Fund","0100DWU","Water Utilities DWU","3.24","Wastewater Collection","QM","Supplies & Materials","3 676 770","551 815,4","1 674 800,78","2 226 616,18"
"2 017","GNFD","General Fund","0001DFD","Dallas Fire Rescue GF","1.08","EMS Administration, Contracts, and Community Health","QV","Contractual & Other Services","4 538 019","561 215,08","1 208 848,8","1 770 063,88"
"2 016","EFOP","Enterprise Operating Fund","0100DWU","Water Utilities DWU","2.5299999999999998","Water Production and Delivery","QV","Contractual & Other Services","12 597 849","577 686,25","11 347 419,71","11 925 105,96"
"2 016","EFOP","Enterprise Operating Fund","0100DWU","Water Utilities DWU","3.25","Wastewater Treatment","QM","Supplies & Materials","17 943 819","619 929,37","17 056 858,04","17 676 787,41"
"2 017","GNFD","General Fund","0001DPD","Police Department GF","1.29","Police Operational Support","QV","Contractual & Other Services","3 741 668","621 527,73","533 016,68","1 154 544,41"
"2 017","GNFD","General Fund","0001DFD","Dallas Fire Rescue GF","1.1299999999999999","Fire-Rescue Equipment Maintenance and Supply","QV","Contractual & Other Services","1 613 432","623 616,17","274 371,48","897 987,65"
"2 017","GNFD","General Fund","0001PKR","Park and Recreation GF","2.2999999999999998","Operation & Maintenance of Fair Park","QV","Contractual & Other Services","14 498 471","634 301,71","2 763 744,7","3 398 046,41"
"2 016","EFOP","Enterprise Operating Fund","0130AVI","Airport Operations AVI","2.12","Dallas Love Field","RC","Capital Outlay","1 847 500","650 234,45","1 329 351,02","1 979 585,47"
"2 017","EFOP","Enterprise Operating Fund","0130AVI","Airport Operations AVI","2.12","Dallas Love Field","QM","Supplies & Materials","7 092 237","655 293,34","3 234 726,18","3 890 019,52"
"2 016","GNFD","General Fund","0001OFS","Non-Departmental","5.46","Non-Departmental","RC","Capital Outlay","875 000","666 935","80 442","747 377"
"2 017","GNFD","General Fund","0001OFS","Non-Departmental","5.46","Non-Departmental","QV","Contractual & Other Services","15 291 558","671 850,23","6 964 877,11","7 636 727,34"
"2 017","GNFD","General Fund","0001EBS","Building Services GF","5.17","City Facility Operation, Maintenance and Repair","QV","Contractual & Other Services","4 006 384","723 236,08","1 497 310,89","2 220 546,97"
"2 017","GNFD","General Fund","0001DPD","Police Department GF","1.2","Police Academy and In-service Training","QV","Contractual & Other Services","1 532 072","731 720,37","795 793,93","1 527 514,3"
"2 017","EFOP","Enterprise Operating Fund","0440SAN","Sanitation Operating Fund","3.19","Recycling Collection and Waste Diversion","QV","Contractual & Other Services","8 199 409","750 481,83","3 148 481,23","3 898 963,06"
"2 017","GNFD","General Fund","0001DPD","Police Department GF","1.31","Police Special Operations","QV","Contractual & Other Services","4 708 545","769 031,65","908 124,79","1 677 156,44"
"2 017","EFOP","Enterprise Operating Fund","0440SAN","Sanitation Operating Fund","3.2","Residential Refuse Collection","QM","Supplies & Materials","3 605 312","809 832,88","1 525 803,89","2 335 636,77"
"2 016","INSV","Internal Service Fund","0198DSV","Information Technology DSV","5.N","Internal Telephone and Data Communication","QV","Contractual & Other Services","12 260 436","840 733,63","11 484 055,18","12 324 788,81"
"2 017","GNFD","General Fund","0001LIB","Library GF","4.0599999999999996","Library Materials & Collection Management","RC","Capital Outlay","3 345 000","862 812,54","1 553 604,25","2 416 416,79"
"2 017","GNFD","General Fund","0001STS","Street Services GF","2.44","Street Repair Division - Concrete","QM","Supplies & Materials","5 038 740","917 778,8","2 310 399,33","3 228 178,13"
"2 017","GNFD","General Fund","0001STS","Street Services GF","2.4300000000000002","Street Repair Division - Asphalt","QM","Supplies & Materials","3 491 148","938 959,44","1 769 368,49","2 708 327,93"
"2 017","GNFD","General Fund","0001STS","Street Services GF","2.4700000000000002","Traffic Operations Maintenance","QV","Contractual & Other Services","1 573 164","940 658,1","735 145,89","1 675 803,99"
"2 017","GNFD","General Fund","0001DPD","Police Department GF","1.24","Police Field Patrol","QV","Contractual & Other Services","20 046 787","993 862,08","3 858 068,86","4 851 930,94"
"2 017","GNFD","General Fund","0001OCA","Office of Cultural Affairs GF","4.0199999999999996","City-Owned Cultural Venues","QV","Contractual & Other Services","7 971 415","1 036 070,01","2 682 429,58","3 718 499,59"
"2 017","OTHO","Other Operating Fund","0191DSV","9-1-1 System Operations","5.A","9-1-1 Technology/Education Services","QV","Contractual & Other Services","14 323 632","1 039 487,75","1 062 097,12","2 101 584,87"
"2 017","EFOP","Enterprise Operating Fund","0440SAN","Sanitation Operating Fund","3.16","Landfill Services","QV","Contractual & Other Services","12 747 767","1 257 622,75","2 248 227,68","3 505 850,43"
"2 017","EFOP","Enterprise Operating Fund","0061SDM","Storm Drainage Mgmt Operations","2.19","Flood Control","QV","Contractual & Other Services","4 365 285","1 268 246,34","1 375 957,02","2 644 203,36"
"2 017","INSV","Internal Service Fund","0198DSV","Information Technology DSV","5.L","Internal Desktop Support","QV","Contractual & Other Services","5 973 614","1 346 736,9","4 027 759,81","5 374 496,71"
"2 017","EFOP","Enterprise Operating Fund","0100DWU","Water Utilities DWU","3.25","Wastewater Treatment","QV","Contractual & Other Services","15 187 783","1 433 426,44","6 619 442,1","8 052 868,54"
"2 017","EFOP","Enterprise Operating Fund","0100DWU","Water Utilities DWU","2.5299999999999998","Water Production and Delivery","QV","Contractual & Other Services","14 505 246","1 443 980,24","4 336 670,01","5 780 650,25"
"2 017","GNFD","General Fund","0001STS","Street Services GF","2.44","Street Repair Division - Concrete","QV","Contractual & Other Services","8 456 480","1 628 454,04","4 909 464,93","6 537 918,97"
"2 017","INSV","Internal Service Fund","0198DSV","Information Technology DSV","5.O","Public Safety Technology Support","QV","Contractual & Other Services","4 305 696","1 671 993,64","1 138 694,29","2 810 687,93"
"2 017","EFOP","Enterprise Operating Fund","0100DWU","Water Utilities DWU","5.26","DWU General Expense","RC","Capital Outlay","2 079 054","1 790 272,16","11 624","1 801 896,16"
"2 017","EFOP","Enterprise Operating Fund","0130AVI","Airport Operations AVI","2.12","Dallas Love Field","RC","Capital Outlay","3 317 000","1 900 296,05","709 629,44","2 609 925,49"
"2 017","EFOP","Enterprise Operating Fund","0080CCT","Convention Center CCT","2.1","Dallas Convention Center","QV","Contractual & Other Services","44 441 063","1 915 928,68","20 147 474,49","22 063 403,17"
"2 016","GNFD","General Fund","0001CCS","Code Compliance GF","3.1","Consumer Health","QV","Contractual & Other Services","2 555 616","2 000 000","615 491,07","2 615 491,07"
"2 017","GNFD","General Fund","0001HOU","Housing GF","3.09","Comprehensive Homeless Outreach","QV","Contractual & Other Services","6 230 301","2 581 333,96","2 838 420,61","5 419 754,57"
"2 017","GNFD","General Fund","0001OCA","Office of Cultural Affairs GF","4.03","Cultural Services Contracts","QV","Contractual & Other Services","6 237 326","2 682 416,37","3 253 082,42","5 935 498,79"
"2 016","INSV","Internal Service Fund","0198DSV","Information Technology DSV","5.C","Business Technology Services","QV","Contractual & Other Services","15 739 641","2 906 530,26","9 582 353,29","12 488 883,55"
"2 016","EFOP","Enterprise Operating Fund","0130AVI","Airport Operations AVI","2.12","Dallas Love Field","QV","Contractual & Other Services","45 731 683","3 239 903,68","43 883 093,05","47 122 996,73"
"2 017","INSV","Internal Service Fund","0196EBS","Equipment Services EBS","5.D","City Fleet Asset Management","RC","Capital Outlay","4 962 844","3 506 656","0","3 506 656"
"2 017","EFOP","Enterprise Operating Fund","0440SAN","Sanitation Operating Fund","3.2","Residential Refuse Collection","RC","Capital Outlay","0","3 661 166,86","0","3 661 166,86"
"2 017","INSV","Internal Service Fund","0198DSV","Information Technology DSV","5.C","Business Technology Services","QV","Contractual & Other Services","17 338 059","4 454 366,91","4 061 558,39","8 515 925,3"
"2 017","EFOP","Enterprise Operating Fund","0130AVI","Airport Operations AVI","2.12","Dallas Love Field","QV","Contractual & Other Services","49 890 265","4 780 177,35","15 274 276,89","20 054 454,24"
"2 017","EFOP","Enterprise Operating Fund","0100DWU","Water Utilities DWU","3.25","Wastewater Treatment","QM","Supplies & Materials","14 800 438","4 969 758,88","4 201 690,97","9 171 449,85"
"2 017","EFOP","Enterprise Operating Fund","0100DWU","Water Utilities DWU","2.5299999999999998","Water Production and Delivery","QM","Supplies & Materials","86 526 407","5 087 503,25","36 526 259,68","41 613 762,93"
"2 017","INSV","Internal Service Fund","0198DSV","Information Technology DSV","5.N","Internal Telephone and Data Communication","QV","Contractual & Other Services","11 762 013","8 199 147,96","2 757 128,65","10 956 276,61"
